obj_1_sd,obj_2_sd
0.001,0.001
0.001,0.001
0.001,0.001
0.001,0.001
0.001,0.001
0.001,0.001
0.001,0.001
0.001,0.001
0.001,0.001
0.001,0.001
0.001,0.001
0.001,0.001
0.001,0.001
0.001,0.001
0.001,0.001
0.001,0.001
0.001,0.001
0.001,0.001
0.001,0.001
0.001,0.001
0.001,0.001
0.001,0.001
0.001,0.001
0.001,0.001
0.001,0.001
0.001,0.001
0.001,0.001
0.001,0.001
0.001,0.001
0.001,0.001
0.001,0.001
0.001,0.001
0.001,0.001
0.001,0.001
0.001,0.001
0.001,0.001
0.001,0.001
0.001,0.001
0.001,0.001
0.001,0.001
0.001,0.001
0.001,0.001
0.001,0.001
0.001,0.001
0.001,0.001
0.001,0.001
0.001,0.001
0.001,0.001
0.001,0.001
0.001,0.001
0.001,0.001
0.001,0.001
0.001,0.001
0.001,0.001
0.001,0.001
0.001,0.001
0.001,0.001
0.001,0.001
0.001,0.001
0.001,0.001
0.001,0.001
0.001,0.001
0.001,0.001
0.001,0.001
0.001,0.001
0.001,0.001
0.001,0.001
0.001,0.001
0.001,0.001
0.001,0.001
0.001,0.001
0.001,0.001
0.001,0.001
0.001,0.001
0.001,0.001
0.001,0.001
0.001,0.001
0.001,0.001
0.001,0.001
0.001,0.001
0.001,0.001
0.001,0.001
0.001,0.001
0.001,0.001
0.001,0.001
0.001,0.001
0.001,0.001
0.001,0.001
0.001,0.001
0.001,0.001
0.001,0.001
0.001,0.001
0.001,0.001
0.001,0.001
0.001,0.001
0.001,0.001
0.001,0.001
0.001,0.001
0.001,0.001
0.001,0.001
