real_name,x0_00.000,x1_00.000,x2_00.000,x3_00.000,x4_00.000,x5_00.000,x6_00.000,x7_00.000,x8_00.000,x9_00.000,x10_00.000,x11_00.000,x12_00.000,x13_00.000,x14_00.000,x15_00.000,x16_00.000,x17_00.000,x18_00.000,x19_00.000,x20_00.000,x21_00.000,x22_00.000,x23_00.000,x24_00.000,x25_00.000,x26_00.000,x27_00.000,x28_00.000,x29_00.000,x30_00.000,x31_00.000,x32_00.000,x33_00.000,x34_00.000,x35_00.000,x36_00.000,x37_00.000,x38_00.000,x39_00.000,delt,t_start,t_end,nobs_t,nobs_loc,is_random,is_seq
0,8.2716532928887964715,7.9276416133923985896,8.9255284037703113142,8.3896158205188573476,6.0331425912078975315,7.0742493014732561463,9.4432228360590890759,7.500078285793782662,7.6141419584263312359,7.7247713482656052975,9.608653960557328233,7.0776587232756744683,9.9604022514832077917,7.7048358384136443888,8.3342856937522569183,8.751705974728984927,7.2219965726734116629,9.2284813848770923528,8.5574003446017847807,8.6469308048131932054,7.947832142901059882,7.6740088758617934772,7.4155290881956927862,8.6371717041297770834,7.7941271412130834761,8.5284110869765985541,7.7234524296569109225,8.1899552826992589871,7.0679976637630863578,10.011474133950775567,9.3732269911651844296,8.6921132831749421399,9.4762465631976624536,7.2816854449049941422,8.4311316622587408887,8.2891001535533455069,8.5717242582317219046,8.4396307421839438234,7.8654177015601938194,6.8975188034939307613,0.10000000000000000555,0,20,100,9,0,0
1,8.3352638471377265006,7.8934080463176510278,8.9468376783682153075,8.503851407207044133,6.0706592202661360247,7.0177093600370783477,9.4318716594563074551,7.5387463728984807076,7.3895939568206987502,7.8063429797896120022,9.4427399172326147436,7.2584173606011814783,9.7337559696257454078,7.7933818575608846402,8.4152263983405539705,8.7249549642586288201,7.2392516965403608253,9.2556150616315626678,8.4854855197562386593,8.6686437576112567172,7.9134560810852594415,7.7373265546655325409,7.4431190481629245781,8.7585130059960274451,7.7292656455866826093,8.7009263868289217214,7.6791625856359626567,8.198781703245584751,7.2235488902537801081,9.8611500165652579142,9.4304485273819071978,8.8203483257941286411,9.4210922816668052349,7.4208561457508803727,8.4616470779377532807,8.2918039454034975222,8.5250326726021725676,8.525802346666617737,7.7517347368443845212,6.9967806776620617981,0.10000000000000000555,0,20,100,9,0,0
2,8.3185748035648430232,7.9270908347880570943,8.9560944941392222063,8.4728854459631435248,6.0520177714457492613,7.0285201962882934978,9.4006937925921540966,7.5178764242033251364,7.4167337924619580747,7.8289329807804417527,9.4405608155693467864,7.1604498356607022558,9.8872134722488276282,7.7361699171980671252,8.4690138333256843595,8.673340612256465576,7.381707131142225542,9.2092507260724154605,8.4755434181403312976,8.7219649525779239241,7.8170320345065977818,7.6098085529138064231,7.5171360753556175638,8.5336080569995385048,7.773808884628669702,8.5565942462315174311,7.6840496308496089028,8.0785748612351753195,7.1650252945310866082,9.9945411781947761654,9.0913559817825273512,8.9073668229841587163,9.18893274550751471,7.41907874649024901,8.4743864488288860315,8.164259979932950273,8.7171775404618667693,8.3769546445565747916,7.8902503094472269396,6.9516567874945618399,0.10000000000000000555,0,20,100,9,0,0
3,8.4112243343512105298,7.9918250822704210989,8.9221898111563184841,8.4012750791858454846,5.9291886925856527313,6.8845163213779700939,9.2420994358474626296,7.463268987608417504,7.3569538497016342404,7.750858331270506163,9.532454546185993749,7.0144842678157388605,9.8699587892573017456,7.6786316389666815496,8.2827480421246253428,8.6593295399268903623,7.3121152802488484923,9.0568851725784931261,8.6042313617892851596,8.8137415574595028289,7.9121387045750779521,7.9049427517555326261,7.5891378968576361785,8.7176309178022783897,7.7590607438283338837,8.6950052887455591133,7.5686113246307868963,8.1484403818205350944,7.3018980182919284161,9.8005219977980946311,9.4442550626030445926,8.8412953227077686336,9.4176573177297733253,7.3197034499572763977,8.5351780617839558829,8.2282352002588776685,8.4467243802307976352,8.5498285583904198859,7.723485091476484321,6.9818619260290457618,0.10000000000000000555,0,20,100,9,0,0
4,8.3201606644420014192,7.7482574436276401286,8.859085570687161848,8.4779063664721761029,6.0613271896441629494,6.9066385138224530849,9.5402987593182970727,7.356843042056367743,7.3362757492862069597,7.8225619368662702158,9.309186862929752948,7.2684227629102835522,9.7921291030772401598,7.8619055038841487715,8.4529222871542231132,8.7570530711181255867,7.5147458696577142945,9.1146084066617678587,8.7298191511710534485,8.6728635266393290237,7.8527630061932010008,7.7934396525122586752,7.4449277949069854188,8.7167616465763870792,7.8093442808140700606,8.6422949434333524721,7.7313060806999454044,8.1174754184861352968,7.3801508417064978218,9.7959588389071132752,9.5597422584282245595,8.7578629566684043084,9.4748646523151016652,7.2479999837728179557,8.4919373046149306816,8.114007916963430489,8.6104377107593315088,8.4555501411443678705,7.8457266602366129149,6.9484506517088995281,0.10000000000000000555,0,20,100,9,0,0
5,8.4452948360715751619,7.912415071757434859,8.9223199987619032925,8.4735368040977210313,5.9710103711919444436,6.9296464484271522721,9.5136766314181713255,7.3986320033222128245,7.3534904800825833249,7.8350537613253088409,9.3334149405161586088,7.2238223726898214139,9.9928459780422329573,7.7493270188386498276,8.6144637873624994029,8.7893389754447177609,7.4286747615829451519,9.2216892374241759001,8.6633446513761249719,8.6261667400924597615,7.9377734074737720249,7.6605752621851950224,7.4180855413211990168,8.6625741606337456346,7.6912504743829712694,8.611451323763935406,7.600987666374074081,8.1231963313788746461,7.2031899359047439901,9.865039887820014286,9.3472238073813151971,8.860551683234747955,9.3640294971507209709,7.3888500654583486593,8.6020155573122902837,8.1565975727290549457,8.6782455401059070965,8.5341128903796867888,7.770070636372179429,7.0680488740870774933,0.10000000000000000555,0,20,100,9,0,0
6,8.4146469411856159581,8.110963661001775904,9.0668326254781312912,8.6312327972603490878,6.1201109032699196888,6.9638782905617064856,9.487112271653597162,7.4421688990063241675,7.4277946868469033603,7.8197001357468263194,9.5889197056694754906,7.3249167570361057855,9.9111306361784254904,7.7765691666060270393,8.4225009549587159796,8.7014363916967152335,7.3343458192098278658,9.1794062961257427702,8.761463147574447774,8.5576909146270274675,7.9307876751928514381,7.6275427056812095117,7.4441350219383624065,8.4137878208463945384,7.8331323680119133712,8.4478762329967000966,7.6725472215315360103,8.1678963422374817327,7.1823218205596699448,10.079355778143886724,9.1869255491451369267,8.9375434355618317284,9.219643024557882427,7.2139341302577308923,8.5940247417345130287,7.9637995835676829159,8.7824915791898892081,8.3956502949142084447,7.9403311798819178335,7.0883953634129159838,0.10000000000000000555,0,20,100,9,0,0
7,8.4199310572470196234,7.8925189694322961387,8.9215108200353956391,8.3850837209256141591,5.9305167284930391247,6.9404030489770995871,9.3360670736478414966,7.3243829116577527927,7.4002412370391192908,7.6938262698731234579,9.3774277397554790525,7.1241313606062153241,9.7652870944458083358,7.6940065498117471421,8.333480422154448064,8.6073759466028469944,7.4047692986282758199,9.0778228041909549972,8.5622574960613810902,8.839597462906832348,7.9505815030630264673,7.7725680571149959874,7.5970783223742524015,8.6037031242791144336,7.7184440844946484717,8.6309994930298223892,7.5654342668565739416,8.1272726850562087009,7.2452711220922969559,9.8285384514380904619,9.3620170599727803307,8.9243115601775873102,9.3702326068688144289,7.3926969211780280133,8.4969376230217381618,8.1115700029409776306,8.6202927201021815051,8.3696466059419005745,7.8339946075038051632,6.9350362747343385905,0.10000000000000000555,0,20,100,9,0,0
8,8.4110080420654433908,7.9000516783771717044,8.965249491367826451,8.3150622360113306542,6.0878231157526423445,6.8544952600658879405,9.430569494223403737,7.475217737958534947,7.422508681302740996,7.8263719879016786507,9.5068197299223129448,7.0796165862109372569,9.8865499303875452597,7.6767313446731533233,8.2976159922210204201,8.6498609311553433798,7.2951600577544777337,9.0967947845586021316,8.5994155783248000802,8.7438517210432245008,7.9315875988891662018,7.7833384927296744848,7.5939906305800546349,8.5910127742852022692,7.9033801570653121615,8.5955570604049160721,7.6184843709587637406,8.260094617949420126,7.1335524892300439248,9.9971568530103684935,9.3393740937184706041,8.8300902909358285342,9.3594520912575962512,7.2430085922625764283,8.468058342930515181,8.0498908575884602357,8.6039745885880254406,8.3571399372886823187,7.8914865172522246084,6.9006162750285833241,0.10000000000000000555,0,20,100,9,0,0
9,8.4018820629713850678,7.9680976077456469042,8.9876009765457585132,8.3746638203474912387,6.1883893720499072444,6.8772218472110937526,9.3875275794913726202,7.5946807071673276823,7.4357468513478464089,7.810056745550014945,9.4372643418591373177,7.2210565117054281714,9.8622091207695401494,7.6401645356717153845,8.5276110566243339406,8.6408326229264247331,7.3701761329477246676,9.1953212768023444568,8.6165819911393946029,8.7873708024490557733,7.8409282222801657269,7.82147224163282484,7.3966191830754395298,8.5328881906632396692,7.7617767932422792043,8.434902436103108414,7.8154834489709053003,8.0117385336876392188,7.4189542443129434801,10.005860633661978198,9.4086073468579858314,8.9451940646119041389,9.3587387995929525175,7.2099503602287464687,8.6150488665217732631,8.0704155017001912853,8.6621079448986648686,8.249517462699666126,7.7970025526653188308,6.8283308802809603577,0.10000000000000000555,0,20,100,9,0,0
10,8.2851856135496451117,7.9283511525728114222,8.9546021382294682667,8.3070259016812375563,6.1928566516054726065,7.0065025037262147478,9.4590274515899608332,7.6144543301884910491,7.5237766159867831561,7.8219391471024257712,9.482505506246985405,7.1451546750545809061,9.9822863800645649235,7.5780125117532772805,8.6017896217854037388,8.7607636912543966901,7.2444585790439486317,9.4410877469603260437,8.3664806481774363078,8.8766463396224075666,7.8216433903443256526,7.8916201954741982405,7.3837335032842075222,8.8120465272696204551,7.8644538307081219841,8.5638760721224080896,7.9278719642876680496,8.1213446885103302009,7.2493792568408350618,10.072407721219756027,9.2388274550889466497,9.004423335890244573,9.3862999329750564925,7.3167816607832394382,8.5235735891575661327,8.2186408547856402151,8.5804235093310197158,8.3901501767070758575,7.8511376929065690433,6.8120815497746791678,0.10000000000000000555,0,20,100,9,0,0
11,8.4106018061764231675,7.9342799593674504521,8.9524141888062711558,8.5589967379874636322,6.0582326692807164648,7.021180241365785335,9.378551015716055872,7.5473847103623805666,7.4123132253500223499,7.7673396707169954922,9.5324643131722091027,7.1444750183079150929,9.8330768185701042938,7.8311318454433775926,8.4027986379415047224,8.794848455789932018,7.3588946888309836325,9.2300171365223953046,8.6489973080718982601,8.6312338823986269887,7.9920354107587474601,7.7783015122804757269,7.4405134232693175278,8.7435860589972751455,7.8440285856854234936,8.6478543399605065645,7.7951339915725075258,8.265893964069878308,7.220162470481962913,9.9747359911289983359,9.3845575970881256467,8.7894627867820656064,9.4068561668511936347,7.2500983869333941456,8.551396773769674553,8.2141800336004884286,8.5800758826076908292,8.4680864651929592668,7.797337447151695855,6.945199190060359129,0.10000000000000000555,0,20,100,9,0,0
12,8.4056859763511386774,7.8913231722185326333,8.9910019595115304725,8.442565515707213919,6.0929524355937267899,7.0342615898685876274,9.3686965721437154286,7.6618351487956557477,7.3852470483623102737,7.8105489735634847648,9.5445844207052630281,7.2302364076858607334,9.8277501355387801851,7.7210794158831665968,8.4545725369440667407,8.6287809038695773012,7.2721821824276799973,9.3491318087701831274,8.4350867932456559117,8.8779041001075622574,7.9548886645914391735,7.8159883535515879416,7.4718327908121118242,8.6598198265334627166,7.7109608739242014863,8.6661606639864423585,7.8090448091515805018,8.1057944227785458935,7.4472110558098094657,9.8736410183310638899,9.3186330566218060767,8.906976001087045347,9.2533766492344149412,7.3281990585177139153,8.5210126930046605764,8.2283775645678947086,8.4894759053780877167,8.4186326814200285185,7.7806567658597902692,6.8010703795654210424,0.10000000000000000555,0,20,100,9,0,0
13,8.3188582594767233047,7.8895327575600946446,8.9766119682920084699,8.4884670951668077521,6.0725159998195676891,7.0896409813606071637,9.464668768135727106,7.5284055778304317386,7.4162748913610316848,7.7919203393187164153,9.4730632671570909054,7.1676358956366499342,9.8623806724263420875,7.7436678678065842263,8.3922575554354530425,8.6587054332775323928,7.3836858763631916247,9.1863497732101446758,8.5194795082057162006,8.7895470314040693438,7.9056481511921932182,7.6909359402024746188,7.4237371567390990634,8.6132109425454679297,7.7325460664123895071,8.579718857635789675,7.7883351506199973713,8.2916706184198787355,7.1160281691552516037,10.053519464993199151,9.3825556070324989122,8.818068208090521054,9.497282214837744263,7.4453633344078724576,8.500554434704278961,8.2708455594852843262,8.6255524812199748652,8.3848901846468102406,7.8310071563107053194,6.9420382535453608597,0.10000000000000000555,0,20,100,9,0,0
14,8.3906209541840457433,7.9538526536460967264,8.8775948832381139653,8.417696820172853478,6.0761055075258543212,6.8503206876886020282,9.491293563614481954,7.4374096029757454929,7.3681411227104280925,7.8924477041402427702,9.3569416857867881987,7.1803756271816832069,9.7570716964901738066,7.7156260333986228517,8.3608985013628913663,8.5730612062084663449,7.3659184701298174858,9.1322626953280838791,8.5575995550707464332,8.8718195022742225575,8.0035184839969684134,7.8467815465309724843,7.6902091626040958161,8.6530417043289951096,7.8756777846127317133,8.6838008458728470629,7.6265044036050788634,8.2780115333563557556,7.0821709155171062022,10.095920023136175203,9.3738016349665844729,8.9305308126022211468,9.4847198269894015255,7.4519337563974872296,8.4879043727518528328,8.2524182085290451738,8.5618917664659885958,8.5013036954389811228,7.8671413870648665423,6.9881512648296038037,0.10000000000000000555,0,20,100,9,0,0
15,8.3771708929890991158,7.929808298182422277,9.0110285619549230773,8.568593717623269157,6.0124922588959819336,7.1518244582724470604,9.3646052065697080735,7.4794614741613303366,7.4475838072093818454,7.7151856966911616098,9.3971440926915192904,7.2436703301596745419,9.6631620607569992387,7.7991217014532034923,8.3187104789818224759,8.7264554281840567285,7.1845632848530600612,9.2408072835972969727,8.4726423279780700426,8.4996938818010185912,7.8500665321143952013,7.5919255700572083612,7.3040515146569475746,8.6528375443976077719,7.5899178759262202476,8.6566269346753301761,7.6877693934414530474,8.1113416569874736695,7.2645116535681344416,9.8574171790362026258,9.2968398832149095057,8.9731159480078979129,9.1860189716497391288,7.6167836269730750942,8.3567222703629280289,8.2432392446484694659,8.588905677744664402,8.3928793540754043079,7.7996277634953568025,7.020650332000789362,0.10000000000000000555,0,20,100,9,0,0
16,8.4173357178510936905,7.8710214379205911683,8.9561570973282584873,8.6009299590188685869,6.1275273484561481041,6.9891453797654277125,9.4146672906795583202,7.4994733305921306155,7.3807502333728765009,7.7677473075992455875,9.3925539128093760155,7.2477284529623711151,9.7105361684270192768,8.0494169195177054377,8.3191026062441828515,8.8869210808501293286,7.4655495499414472604,9.1663806693472587028,8.7831482777346892021,8.6812481062976676327,8.0031149469738185331,7.8261646206503918677,7.3304234664481828787,8.7067989042531070965,7.8839361921335129324,8.563758093677401817,7.9183244059685069516,8.2737108917612331993,7.2328739104425929796,10.004539246986720258,9.3252229166836393404,8.675893137532334265,9.4672687478819526063,7.0304997489987233195,8.5981421282668506478,8.0742564845424045217,8.6448309263833564842,8.401319920783491213,7.899353356539988269,6.9116209768354472942,0.10000000000000000555,0,20,100,9,0,0
17,8.3397413952691721306,7.99327000965715051,8.8473084740473009191,8.4787447802688884479,5.9847241896467586741,7.0449591742871771061,9.3411983640061517775,7.6405157936103957894,7.5869211490008137133,7.7209456518270087599,9.6519719483463450871,7.1803441074024343393,9.8725807026106142672,7.7891324178459386829,8.4699149877037012146,8.7381326532293073228,7.2344390313312469942,9.346064967053264283,8.4498356239565808323,8.5785432651842086216,7.92484663945224721,7.6458060986018354654,7.3751678905015083387,8.6892341021842778304,7.7270462322590862669,8.5447973295112262804,7.7359071692180876312,8.0585933775919080801,7.1188773443134714114,9.8132743338894368179,9.1698726849045133491,8.7026563689234102128,9.1911744947665034999,7.3797809790840309674,8.4732297679662185175,8.2053974859969951439,8.6722061812410924375,8.4171476316544335816,7.7764062974224623659,7.027486935047071448,0.10000000000000000555,0,20,100,9,0,0
18,8.340884514152199003,7.8282272931367247182,8.9456573233496250452,8.3621348609757735204,6.0472523083629354801,6.966815092712826285,9.505450284558149221,7.4005470261591002057,7.4473472624106085149,7.7560342613336468176,9.4313086175333733507,7.1984505003519796418,9.8257465492367028759,7.7638357077456490174,8.3198638063872643045,8.8305111065057051434,7.2377407203907253574,9.1808930412588782843,8.6985324081662938056,8.6206665222611000843,7.9693579326481573943,7.8416489158713948981,7.4448973308720827191,8.669700676602708711,7.9701838842984393807,8.5376999501779433643,7.7972801288032806966,8.2514928236544484719,7.1396189473433162576,10.084897811479939023,9.3928448273216780251,8.6768151704399123503,9.4331752454158124266,7.1994649884042161148,8.4337296842519133833,8.1010467013422324811,8.7463147186119432064,8.3301239685509624877,7.9363763073959505689,7.0022516976104416386,0.10000000000000000555,0,20,100,9,0,0
19,8.2510672275822773969,7.9577632546346261933,8.927686579174805459,8.5150508831313462821,6.0901812714095342471,7.0536788585319065703,9.5539886331618362192,7.4363557537323465851,7.6698097077528082366,7.8239714604544019494,9.4576128070052920549,7.4556109110382617899,9.8164990394383480066,7.7818266471158024089,8.4678047401436895569,8.6903129093017579265,7.2508730180838485424,9.287685641354771704,8.5552277961320832844,8.6708820469936380704,7.9587396735854447627,7.7152932524665072123,7.4264968606881227586,8.6804104649053339671,7.7726139279982104924,8.5280575617769542873,7.7526436040317241449,8.085546399084135416,7.2913197214326972428,9.9995352403618724679,9.2382495129234136755,8.9858022983098155834,9.1293975032697609606,7.4737012330325907072,8.3381007608907466988,8.216006484222893036,8.7288759014405385983,8.3019169334115527903,7.8969474406103445929,6.94138157770371933,0.10000000000000000555,0,20,100,9,0,0
20,8.4566442292342092202,7.8223806610728550126,9.0135486562197026927,8.430572262943060835,5.8697776803830814529,6.9359126161083732853,9.2701628276452137101,7.2806225953255125916,7.340801431864949933,7.6912727213735747611,9.2935371572887923719,7.2041752677477406408,9.787304367880874878,7.6375547722046590593,8.5821978363560234015,8.5639818518265773406,7.2819967786396917475,9.2862436149094662596,8.3825228411554864039,8.690277641817365506,7.9164963544192739064,7.7023280458061496034,7.4729084614929268682,8.6605442370873131352,7.7181644189224494212,8.64396906097745088,7.6338735376221302786,8.1198837133990391379,7.2476916289732278287,9.7232451309406400242,9.366918412171445496,8.8951895743035862552,9.2288625137918423036,7.6362553835226441024,8.5439603377011135166,8.1630418869124188319,8.7944243857259767339,8.4472018635410055509,7.913983216518545305,7.0007365488790549435,0.10000000000000000555,0,20,100,9,0,0
21,8.3575154662359505409,7.9664014906980211705,8.9342887997080513429,8.4882182645199719673,5.9915929657709323664,6.9231754375295988524,9.4394485572002313489,7.4969486728927376973,7.522535635349710148,7.81373059269755732,9.7060015512804174165,7.1922333238387903265,9.9635360182081598168,7.6756577681589908124,8.4031752435109279276,8.5228299416327022442,7.2312368594344462736,9.1714551272455206998,8.4428784896218900258,8.7469233550238101316,7.9839840614370540806,7.7121445452533459175,7.5738124842126719471,8.6529866609053325277,7.7381951098624623953,8.6802229567807476229,7.6172966642829891271,8.2193503175406643635,7.2789006797479549604,9.884527952283109542,9.3911788409617145135,8.9320779786102022513,9.2556753613871283193,7.5040997663391006967,8.3990956026067582485,8.3539085262480572425,8.5651133617973016499,8.5203951395001329416,7.7656102170635907811,7.0028493641904558942,0.10000000000000000555,0,20,100,9,0,0
22,8.4346862082521898429,7.9532080385654015942,9.0470723354327429178,8.4336971713097685921,6.1629615517270766034,6.8786656596420483467,9.4623261786846217802,7.4540998556660715835,7.4062073325771118348,7.7412372145779970722,9.4146273271210088041,7.2078942053125407696,9.7594039303309134681,7.8006992476196401753,8.2976195173618663148,8.7074225445049009409,7.2861893831941246802,9.0430550756394794121,8.6903142237782979862,8.6200355151009748766,8.0152789252329394998,7.8280987812008886451,7.5116005349800474278,8.6691791682977559219,7.9364408951889124921,8.6141690874479088791,7.7491044718966151095,8.3155149772972514199,7.1577689845256458057,9.9771233658852622739,9.505847861479972849,8.6644674849439642372,9.5496727024734706646,7.1874389988750051472,8.6004497273711120187,8.0202291871896882469,8.663218255936701695,8.3382028860924908287,7.8999945816041901026,6.9680366920129239716,0.10000000000000000555,0,20,100,9,0,0
23,8.4896445707190668628,7.858799357447432854,8.9235274738000835981,8.4420404536944229079,6.0004258125118150602,6.9919513981077709985,9.4533712808235339509,7.5909629245454581792,7.3450231770983780422,7.8735810956431127039,9.5144053782277033804,7.1366860936272882299,9.9506127726977116055,7.9192336677583172744,8.4074286688375554633,8.9745033361292065877,7.3746075318240560392,9.1507391889599762891,8.7577726463537519663,8.5274851158700482046,8.0519338698658646791,7.7610631707441166682,7.5617817425277706889,8.6403598769989073958,7.946329707744671289,8.716145002760299576,7.8752493332759723188,8.36710864690149414,7.2673651628419628778,10.057949576616220355,9.2403532952264662015,8.9965173443837951339,9.3089559167337849743,7.3604710367999777176,8.6407569793741316744,8.0727723458813258617,8.6752843031099224902,8.4500110184141323799,7.8699772569205270756,6.8654433406789356908,0.10000000000000000555,0,20,100,9,0,0
24,8.3344424525915510316,7.8380880194131332672,8.8933146165712191333,8.4924652813241277016,6.0920241563276213981,6.8789768926535135307,9.3813097521448636229,7.6143887965907230964,7.3746766836009598478,7.8145503404017171434,9.7106270758234973783,7.1398618869970338352,9.9817184168509207609,7.8436758547801641583,8.4753821901526205096,8.8551015826214189985,7.3046454255441908288,9.364661606868260435,8.5914681784160222833,8.6460455841470835736,7.9872560479525773758,7.7962563590447775397,7.4500866134107717187,8.8136202230654152601,7.8719888374508641959,8.695971136409349711,7.829802462308732558,8.2115923561565420385,7.2469388530866885034,9.9006700849063307146,9.3718124953424766233,8.6732672041833023258,9.3984018646371811911,7.1666480655637574415,8.6011010982735243147,8.1490651866794721059,8.5582788192625045554,8.3780656199102612192,7.6673860128966087046,6.8373307384346313498,0.10000000000000000555,0,20,100,9,0,0
25,8.3392193506198122321,7.9075173676431713687,8.9579478259544007557,8.4360840604098701334,6.1055506465411841788,7.0017410656640448607,9.4296814858476416532,7.5852522021582666767,7.4990957878391473201,7.7525817578618525516,9.5863338725965636655,7.2025001623915159144,9.8726735136114118774,7.8061802799746429216,8.4305988013289905325,8.7491730747545535252,7.3236791896369473065,9.2540351039611330464,8.6052527963372575925,8.7321997851381301103,7.9116730451901968735,7.7754584371398012266,7.4397228972186946194,8.6705270048858675835,7.7902916359072804653,8.6365186417361030635,7.7027684708920940437,8.2094502609723605246,7.117551117872086941,9.8345361895945568875,9.3753253395227211797,8.6595599853364166876,9.4524098640189624376,7.2634619334760630593,8.5291197654973327502,8.1838194692028647381,8.5538420405246053946,8.385350237277291896,7.7575831337084304451,6.9006448458943054902,0.10000000000000000555,0,20,100,9,0,0
26,8.4288241926777711654,7.9185738448123936806,8.9913096865966259941,8.429387113068662174,6.1156977987195757507,6.9737622257678966164,9.4741872390174268759,7.56213668270558248,7.4055404833969031841,7.8426293802679190037,9.5968687350653798518,7.2198117260319945032,9.9133606709807473578,7.6967538401591646391,8.4353505722186437055,8.6526901926234334184,7.3372468348480088807,9.2250515459365001192,8.5771565267660250242,8.6598784930212904243,7.8958389911547524065,7.6709774229583018723,7.407436729470090242,8.6289390894944304478,7.810285477962719547,8.6168764048661525834,7.7552436896100536146,8.2039682982493200569,7.3649582604175414247,9.8423324252238071352,9.5288460200910733988,8.8236251545844375244,9.3353732528293758008,7.3023818949112264676,8.6157321317118658044,8.0112325622161577598,8.5630470032512953082,8.4804951391653951021,7.7805472965059783164,6.9294649990257184413,0.10000000000000000555,0,20,100,9,0,0
27,8.3198917468430302335,7.8932837488512692659,8.9382705978861061169,8.6171457526183949938,6.0645859751525570402,7.0557503648351564962,9.4395026819532734663,7.6077825268796983593,7.4133631820795136136,7.8395492962655275448,9.5712002584745263789,7.293906153697927941,9.872877380262625735,7.8267481654449264639,8.4664310947573380162,8.7901978839539527399,7.2833864493589137723,9.2332537491076358549,8.5817505470866120021,8.6346048427962074356,8.0090164242921542126,7.7908318676763732569,7.4548891764642322144,8.78104299672782318,7.884352398929945771,8.8187011048175829586,7.8334816165412552991,8.4214801281864257732,7.2083357497806641589,9.94883452185202799,9.4800279654181220934,8.7771020974444038387,9.4114252182533242319,7.4337181844522488561,8.4707860483781178829,8.2727266170716102778,8.5273559394242770537,8.4701319993947343789,7.696604683118117407,6.9635321627452224647,0.10000000000000000555,0,20,100,9,0,0
28,8.2863835386536131011,7.8763111381441763825,8.8295149668165997525,8.4516674222957632878,6.1088296728071860286,7.0065558363522271179,9.5526744687377984633,7.5467834741444601576,7.5042813367350928999,7.8423851698971898116,9.3861605153488110176,7.4194491079762991959,9.6890910699971808384,7.96682809424748406,8.3944233880850784857,8.8573312942098496592,7.3170124147202990628,9.2327488162657029847,8.7014737882031667482,8.6038143161142563997,7.9654531089723041859,7.8240632838662849124,7.4949511815010083637,8.6460066909963799731,7.8310850188731579991,8.6511478094632607849,7.6800677352824502364,8.1462979903660297509,7.2756908639540416317,9.8185200142384942978,9.3922225657786118092,8.6570556792601767171,9.3316407019460854144,7.2458340948771589041,8.4610742665624130154,8.1800851247806303235,8.5787712806207618854,8.5218043757476173994,7.8383770960615599677,6.9885685646226916035,0.10000000000000000555,0,20,100,9,0,0
29,8.4025640396723986214,8.0091435876256387161,9.0105450221200502625,8.4236876025236835375,6.0349843715217730278,6.9801163625803566148,9.4362800892934579622,7.5265044202708955012,7.4971267002635322285,7.8226421563293424555,9.6650296084833886567,7.2050100315680891683,9.8809763128741856519,7.7035827572461323953,8.3351995373177523163,8.6639947329605515591,7.2158560477659268173,9.2175981612699988688,8.5853807609330203832,8.6367235900565724194,7.9601542364120838613,7.7981427250939701068,7.4851649477019996937,8.7622153646756189005,7.69947689016398229,8.7774918204300664826,7.5420660746160379517,8.236080770544607077,7.1105473416174493906,9.8355826372315888761,9.3351655788899083888,8.7251754209474814417,9.3442866667625779087,7.3366138307120554174,8.4538971233974091746,8.1921059870029555583,8.6019262124491486787,8.5316585699559457368,7.7567544712609119983,7.1552732394513469671,0.10000000000000000555,0,20,100,9,0,0
30,8.3115561798230999102,7.934691057758015198,8.93253599179479707,8.3800227370228217438,6.1016054502595817866,6.9785789868461938212,9.5592742019861471903,7.5472890613501748547,7.6022408974124138226,7.8376022281016384241,9.6584648043490908265,7.2301118061273577098,9.9919223130580423486,7.7243078391461912346,8.5682499601896644492,8.6769699116863083788,7.3821812977253893351,9.357389576214336202,8.5675837262868661526,8.8104564016891888656,7.9469924664268809522,7.7085506549232709617,7.3776095641639347633,8.6468257771054144456,7.7536244031476337923,8.563138483603058404,7.7936383419436108255,8.1576808336108346253,7.3485705985352174352,9.8068190528348502255,9.52977347674576869,8.7365082508773905801,9.4825643487154405165,7.2689214882377086724,8.6551077135352016967,8.0871696496693434852,8.6927216285047617106,8.4132581109974751143,7.7702462772867830765,6.96511043926261042,0.10000000000000000555,0,20,100,9,0,0
31,8.3116818484639818365,7.8679928785818784576,8.8778474547872487932,8.4905484779083355562,6.0429510249596392057,7.0718379608048334006,9.4337795554972458945,7.588873799718413693,7.5234651618583221477,7.7276969863588398368,9.5744888316423324426,7.2320006099655946841,9.8910014289064758231,7.7562093273084267153,8.4406694067792820135,8.9157427782013130013,7.0720003178955526124,9.3480925227244018316,8.6330535319979038178,8.5065969259138185521,8.0318702315223369226,7.7612468746565026478,7.4795316281395676228,8.6998429410969020381,8.041292969485553499,8.5962881529766761446,7.860443647733004191,8.3815733848174005516,7.0850899165299292548,10.054646107733109517,9.4225715467753836663,8.7018914974537384666,9.4139889919364527771,7.3852964170445973835,8.4563698175657187051,8.1970706057345061879,8.5675104967470048223,8.3400925868690052312,7.8058469516321036252,6.8474837906963035294,0.10000000000000000555,0,20,100,9,0,0
32,8.4601886280016174169,7.9170780547721992804,8.9729263682410582703,8.4645330309959359028,6.0135458648225430522,6.8947840637267514552,9.4419962784265152322,7.4595704519507810559,7.3630741405769404295,7.7816432633135139696,9.5641396692372246946,7.1416268010608927597,9.9226785900217855385,7.7832437562465566216,8.3508042153271180297,8.8193184882979718253,7.282776311417241466,9.1708447986075309899,8.7235637265157954801,8.6717309198285619232,8.0296693182077536477,7.8421155076587218957,7.4890376335733579438,8.727092027126252205,7.9160152077446923613,8.6840025047588618179,7.6903447133227684773,8.4227883389152236049,7.1608901228472898737,9.9831592699269489088,9.5707747928086526201,8.8719856556716916174,9.5495268604386076561,7.2830973316158980069,8.5513380926931361614,8.1573576873061703907,8.4907529949580524686,8.4302374513726512362,7.749639353894856697,6.9249450978471314144,0.10000000000000000555,0,20,100,9,0,0
33,8.5482034818106367169,7.9741250721532557222,9.046084690547074203,8.352616028445703833,5.9394629022003977425,6.9952695716670065806,9.3540241896446385539,7.4336339972014009447,7.3633757086849316309,7.7103549441058163438,9.4741710967730270454,7.0710369182511829678,9.7279719687541259532,7.6418057054881556311,8.2312490339660904226,8.5702247538410247785,7.2405264605563655067,8.9994631271051233057,8.6426314131754988779,8.6475325079743345924,7.8996940950913616675,7.7008000190330818668,7.4752635479158486831,8.5537948378455137544,7.7000951685771825694,8.5542697451637472739,7.5292230604318479692,8.1372355711394082078,7.3842042694772240807,9.9353889119194906954,9.4427236492517430122,8.9844235861578063407,9.1974624839991623304,7.2900213411555645493,8.5542915544094153546,8.0374479186459595326,8.7298611097239291468,8.4489663083864563475,7.8624965782546798465,7.0272625442163736409,0.10000000000000000555,0,20,100,9,0,0
34,8.3067386013703981007,7.9143322348566229607,8.895519795782275807,8.58552063740524396,6.0970291613802718445,7.0752650931974363502,9.3322050960235252148,7.6434759516164572091,7.5103839151173215072,7.6643290688420666612,9.6732209412195189202,7.2087567373518037783,9.8355834427991677416,7.7605622080769327553,8.4178642420463489771,8.8295621194420910172,7.0977540195134531942,9.4105208907664632534,8.5290423066284830611,8.5370961286608952889,7.9245352728397051578,7.7634910456721053507,7.2939817836956324371,8.7247442903350265198,7.8747124755671951135,8.6000716907767635888,7.8194351463183275897,8.2270184627124578469,7.1581981694862362176,9.8542191044791618282,9.1947558262677713259,8.8110177987041140568,9.2014285696813651327,7.3831107084441081057,8.4072732650951689237,8.1933039598312795704,8.5777569801903830182,8.5675080693343304006,7.8517987721560595915,7.1081574834072878133,0.10000000000000000555,0,20,100,9,0,0
35,8.3548667718383828884,7.8908708693607083617,8.9369753692049016536,8.4074204715628066964,6.0448979290477753423,7.0011117136065115218,9.434649818710424185,7.4816663153469864511,7.4576741278033704674,7.7963709111549173159,9.4500910492360432613,7.1835749613111712364,9.8305551243338342715,7.7205037181933588997,8.4356065897810115217,8.7002952437282843334,7.3401596284524428526,9.2158729643468149106,8.5927869407558326031,8.7063249017723034484,7.9508398258592194452,7.7880260845422695226,7.4095962096695027199,8.7390696429321153005,7.7105462703254428192,8.6204759428110548924,7.7267145766950742214,8.1322880679164306628,7.272439893284080803,9.8566999560523615997,9.4329104020907692529,8.7370361298608845146,9.4455776071363093394,7.3446781925073043595,8.5132684700092529084,8.2620897780006270494,8.5649193748601444298,8.4782735152790049682,7.7909305442331620029,6.9395052651044242253,0.10000000000000000555,0,20,100,9,0,0
36,8.4127934505250596686,7.9276894458241704555,8.9385573327909959573,8.4087038381483658611,6.0355399457103358074,6.94158954151525176,9.4077820821714315258,7.5410951162389370239,7.3087744743161486838,7.8935526339614030533,9.3974212250371742527,7.1825186602761856847,9.8178103846565800694,7.7682064732802693641,8.4224057405070702487,8.666549594778986787,7.4462069204373868558,9.1438440717073561359,8.6046109163487862759,8.7722538495300632633,7.9251553877143186,7.7526793348581124476,7.5799765973710275802,8.6582912888487033598,7.8787129831255979795,8.6509441536333735456,7.650164123560784013,8.2425249949761667523,7.1841393349448834371,9.9906229053113495553,9.3703713878078058741,8.9473940162084684147,9.4312657379516675604,7.3870635458705642407,8.518070327202410752,8.2262043161315894224,8.5271553064128173816,8.4075830078848898808,7.794950399593429502,6.8879980833262735018,0.10000000000000000555,0,20,100,9,0,0
37,8.3680568737853597838,7.8774775517356010468,8.9695313724971708069,8.5217117412173823965,6.1027674866289283173,7.0602499918778471866,9.4014821260195464703,7.6559992512548946664,7.4226566019213811032,7.8304749381456488777,9.6206505904645194249,7.2949254194278845276,9.8138517987453237623,7.8680374595877236032,8.3644747084377577551,8.7360285129474419819,7.2956047246471813494,9.2508375894622680846,8.6657954437928452762,8.6149551419273766584,7.9468229907566110271,7.8206029978247171286,7.3862707412510868465,8.6754241755210319553,7.9482201504148877191,8.6043337644078103921,7.8948925657200010875,8.2777273007007554639,7.2197269900760101535,10.011170729528235057,9.3808188657956801393,8.7232012327266357232,9.3854989383695315297,7.2316954864079106002,8.5091993147259863406,8.1717813545478730219,8.6198030538828582792,8.4161054052822841243,7.8460547832035043569,6.8998946329261086063,0.10000000000000000555,0,20,100,9,0,0
38,8.3959577190661853763,7.7227544908900167542,8.825835687154647502,8.3275060005362941951,5.947057763937642072,6.9057666309821366113,9.3314065304110371812,7.374722430898042802,7.3255893886781731084,7.6981229602203971041,9.3189477867939167766,7.180621542147226144,9.6788046307994264339,7.8721480177129423694,8.4055560654699430501,8.8438096409902104966,7.4496003526887806245,9.1625467836560723356,8.7512454779403014982,8.6742005093306921992,7.9114754639297464323,7.9273393418742292837,7.4969670453089038986,8.736999582872872594,7.9376547045617229514,8.5738857580227456623,7.7269802118437400651,8.149026585072967066,7.2219934724596068776,9.7487532556744938006,9.5301537742394017982,8.5774060878104112504,9.6070369816462353185,7.1524571769737388394,8.5779733153940345147,8.1402960291324912845,8.5987370260988669202,8.4086596458614781824,7.8601167082949752185,6.8141954990334241415,0.10000000000000000555,0,20,100,9,0,0
39,8.3501509549595152038,7.8931432694949368312,8.8637494370604983374,8.5772968461946703655,6.1105143588684631695,7.0167511038678034296,9.4672310746402352777,7.6409197700137898579,7.3457476421508394182,7.8996562113011652428,9.4384838376491249079,7.2671613508080126209,9.8153470463578607053,7.9108882757520211371,8.3307868265471931579,8.7654394491983502746,7.426056885897594384,9.087931141269971036,8.7023357842679942564,8.8109909848361525064,8.0296414481186868528,7.7785953806703247437,7.5279126713554047612,8.507141325421956779,7.9440515839248373453,8.4237043959871495957,7.8461290810284367581,8.2819866441577794092,7.1852760776758506367,10.239383427312054309,9.4192259035837331282,8.8509256122225572483,9.4780656201005726302,7.3065390578489948226,8.5148844931577016837,8.2768265297363701194,8.5993929487495748276,8.3565354345483253695,7.8838062373028492402,6.7609542223351715151,0.10000000000000000555,0,20,100,9,0,0
40,8.3523000187158356056,7.9873805693159827257,8.9386330695948892355,8.5117852496126538142,6.1785770990645056955,6.8558030229813287093,9.5310192408716591927,7.5189201818727475768,7.5541311787702172253,7.9172379268674459851,9.6041061695905955986,7.1615306940202314578,10.076651174706178438,7.7870551369754510418,8.526567380216567571,8.9338056361384996507,7.2749421620510688058,9.2703343173568590885,8.5915958716224718472,8.5791191615589355024,7.977025693019290209,7.7134157289891396303,7.5446453186101329891,8.6657960032664345107,7.8690978788691126056,8.7060617799819208784,7.6343996681043968522,8.3206255940983737673,7.1442970823272782255,9.9051263947875760607,9.4591124178986625282,8.7431871141978412254,9.4597296674779620673,7.3079173438116731276,8.5937813402999854162,8.1747936137061447681,8.6142266627117258793,8.4734222043115483558,7.7466692622476465147,6.9687479111566368317,0.10000000000000000555,0,20,100,9,0,0
41,8.3530395059180193584,8.0502977834229536569,9.024661235879005261,8.5506894821651844296,6.1885468515240908971,7.0577331356166510545,9.3500254496049581832,7.6377594003405544498,7.5491918038270497959,7.7521871037462970477,9.7429064042899060638,7.1219564364969176751,9.9017011702579953436,7.8319368226669654476,8.3834945107261198416,8.7808925830350581521,7.3867891747091212196,9.2545396397882253581,8.630316139085651983,8.7384010378843441913,8.0052061673543626341,7.7121597569230058156,7.3772735445727271042,8.5192393917134054959,7.7778800275014488008,8.6108615765779408235,7.8002633433443522293,8.3256335543364397012,7.1438080112514317221,9.930573082497200943,9.248367302703654147,8.7824887536594964388,9.3629953718014160557,7.170082199259930178,8.6082441342334767853,7.990357426108898764,8.6678786716011195779,8.3219569997318902921,7.8026061961642971809,6.9813578424627156238,0.10000000000000000555,0,20,100,9,0,0
42,8.2657560501240716633,7.8756888234382298464,8.9621684794914848737,8.4427752363416033177,6.1758017908041917821,7.1180267246052739694,9.4943852070335950089,7.6935109761810061002,7.351834171751956859,7.8057088051749152768,9.4536815477921223305,7.1010565603355848552,9.8813345171365654096,7.7421095737090794842,8.4303098403791594251,8.7669177130313400426,7.3502779061132565985,9.2471498437676764581,8.5568469770388233542,8.7525002735706003421,7.8843843616543560771,7.7933175400745753336,7.4753442527217375257,8.8133012812460300722,7.8574239179148444023,8.700294323812041597,7.8553507105159017243,8.2835522073209961746,7.3393199571490601585,10.091789139488373195,9.6356993191451305591,8.8961321338695196204,9.7073712174934048136,7.3768860317946431948,8.560088718431545729,8.3056177881461596968,8.4026774914979718289,8.3946649835378064353,7.615773519902927724,6.8402417395995236404,0.10000000000000000555,0,20,100,9,0,0
43,8.3033097408979568144,7.7973868053333790229,8.9526929673735295978,8.3430591194610421724,6.0885930260070280085,6.9466628144466211481,9.4874227203685030929,7.4736656383496971046,7.4190648877984983756,7.6974476460840888237,9.5389752807781249544,7.0290958869621551486,9.9893528467809744598,7.7160131838752565869,8.3908183481431617423,8.8050931285670017701,7.2707235442084439114,9.1992262782029161627,8.6206278132217679655,8.7405253684061889885,7.8997477819773935792,7.8790674652620378282,7.3243381151476523172,8.6821510855032499876,7.6742908510839740188,8.5884086532795560487,7.7381637387245669757,8.170076162687131216,7.3286845621179352861,9.8641865752586621596,9.5658976170749703272,8.671821252107207556,9.5760561789282725442,7.0881680983805113172,8.5149863202925839545,8.2034661364270959893,8.4784930709279180405,8.4543515431818185846,7.7586075530148130852,6.8428539207057355043,0.10000000000000000555,0,20,100,9,0,0
44,8.3513745930105329762,7.9446536101548597131,8.9160060150642213017,8.4572597096127442029,5.9941332858511833237,6.9578360143720630049,9.3605951203957751261,7.5324841083631373095,7.5511863009473101371,7.8332530115884884125,9.7007213373909166876,7.0889244172917962317,10.044532079415025905,7.5365573002983676787,8.4494404992905032259,8.6232104379400666971,7.1762715834885826283,9.2885102921094322426,8.3621496387267679751,8.7357303543090107922,7.930152016902852985,7.6281365472566999841,7.4642158235611564265,8.7411211109546833598,7.6531560470143151775,8.6044467413422314195,7.7052987833267003737,7.9965650355732895704,7.3336614175056391574,9.9197996948899671565,9.290508305423111679,8.9054589581063421377,9.2660981282604648612,7.4158615743479217031,8.5160523771617491207,8.2836791623570249499,8.5463539105607893021,8.4766685848984355545,7.7305121699658139178,6.9516610394287141617,0.10000000000000000555,0,20,100,9,0,0
45,8.479197144938501296,7.8167981468580851612,8.9857892689099880812,8.468806799408470809,6.0321315288250021425,6.9060588933427764502,9.4514702438879414359,7.4940791585506678629,7.2288160803903789287,7.7332594479171801183,9.4984552410657929755,7.1618781532845003923,9.9368477007640958476,7.9274144543825482145,8.477656619926563053,8.8804748333955778605,7.4249268800343672936,9.1420653029761638209,8.8058094640799140507,8.5542651085096057528,7.9940301019974269181,7.7514795470167952018,7.4458674728627363137,8.6025403249990137766,7.8200331057574938853,8.5964929802346325971,7.7054049507140884856,8.1364119351295158822,7.2362837706894680423,9.8062266096832928497,9.4447900349272693177,8.5088373124607326048,9.4715640269533931672,7.0073507786946978015,8.6044649860288711096,8.1594659364999095885,8.5890275911444380341,8.4865388675700632604,7.835305240886483169,6.8746513260267478884,0.10000000000000000555,0,20,100,9,0,0
46,8.3839209055035368579,8.0063398438880000185,9.1179544091121158544,8.4879335231681327656,6.1747703005822405231,7.0325688436160582739,9.4435325924978403833,7.5439963215431324883,7.4641943782920581185,7.6950310118811398041,9.5992287899507431348,7.0988186338364842598,9.8577444552761956942,7.6544011242617591151,8.4403428474753834365,8.5999112099704486667,7.2519919361083928777,9.2780703488688480718,8.4366149372202361434,8.6286844473164823199,7.8155749391841222717,7.7152067402006077046,7.2829490393958877803,8.6037851217875243037,7.778039096706727662,8.5734631179002001033,7.5466426835343476398,8.4985547375962458005,6.8677624972293465078,9.9502851817352340191,9.3661161360172613399,8.6475979561434588305,9.4236198947949976201,7.3252002956423014624,8.4272710841942526372,8.2378550801793828384,8.6104061352045935251,8.3969121936923816207,7.793594124554714675,7.06465003501678801,0.10000000000000000555,0,20,100,9,0,0
47,8.4100195134356248161,7.8020888664253513767,9.0478831573108333686,8.4751776596169925426,6.0426639589580402045,6.9859612761924507751,9.3184044550426889941,7.3557596876640820582,7.3887917452374489713,7.7211317436348378962,9.438904451235170967,7.2903092757874468077,9.7375300653976193388,7.7777030212757169991,8.3309602083792544391,8.7488455952713106711,7.323887676311215067,9.1830396950586958837,8.7352716988849099522,8.618404941842577216,7.9239914979994541255,7.7859170602449951915,7.3833220087610449411,8.6439964652829388569,7.8580122860329533196,8.5318925266275584818,7.7603402716705840447,8.1999340503283999482,7.1623722418590194394,9.9352297984912247841,9.3330794910900838346,8.6970290265698064758,9.405640911808317739,7.2384656537685119204,8.5229065530906034098,8.1054860766576162234,8.6443986999180992825,8.3834345499514277833,7.9037594328261633336,6.9652404326420418457,0.10000000000000000555,0,20,100,9,0,0
48,8.3802811061538005077,7.9802573436820294361,9.0437579218051489249,8.5166936333873461962,6.2378146965435652405,6.9720783415265055183,9.3454911219378988818,7.6407362401470271251,7.3479477828141783746,7.7372080405628267386,9.5034392863382297634,7.150771436560376948,9.8099779947559380133,7.7843883945913665556,8.3530235894488775727,8.8360183296917611528,7.2096228350524880213,9.2122512051458205207,8.6569534904378055984,8.648451059711632638,7.9881127379960119583,7.8945809410305480824,7.326042196372919868,8.7531971870941909231,7.8890251321363749071,8.584927387942540733,7.8661324542628117129,8.2916431993077690521,7.1646753221778167742,10.103996815368192941,9.3296213625745636477,8.7029640157458256766,9.4188498155265598655,7.1139466946621201515,8.4986118355717383821,8.147861039624222812,8.5545212462818440713,8.4307658835983616541,7.835095682608552714,6.9416618552089079941,0.10000000000000000555,0,20,100,9,0,0
49,8.4240467912209489043,7.8360752840616640924,8.9496300104502761741,8.5109326080710729912,5.96035211526819797,6.9840472402409838892,9.4419246476611675689,7.3988742013880051118,7.5799870498833881172,7.7955268660437049277,9.6288291799104577251,7.3767144658441905491,9.8215698597721541319,7.8489346009345926092,8.327681044688800327,8.6655620862303628371,7.2865133103042003526,9.2131144871373340521,8.6425259675259979986,8.676138145117363365,8.1219251101026852524,7.7562226654368595646,7.5977016083661332857,8.6984339281370708363,7.9016104102647908292,8.7648861950667740217,7.7883911117815056713,8.3403159788180030176,7.2914541587137939871,9.8702481877655436904,9.572676156477921694,8.6573158908510983167,9.3637355594847679896,7.3516603124472075237,8.5333943975146961947,8.1265157768426163898,8.7154983867553053045,8.2963341614373700139,7.797775676785945187,6.8277841106386363279,0.10000000000000000555,0,20,100,9,0,0
