real_name,pname:wel_inst:0_ptype:gr_usecol:3_pstyle:d_idx0:84_idx1:0_idx2:1799,pname:wel_inst:0_ptype:gr_usecol:3_pstyle:d_idx0:69_idx1:0_idx2:1799,pname:wel_inst:0_ptype:gr_usecol:3_pstyle:d_idx0:54_idx1:0_idx2:1799,pname:wel_inst:0_ptype:gr_usecol:3_pstyle:d_idx0:39_idx1:0_idx2:1799,pname:wel_inst:0_ptype:gr_usecol:3_pstyle:d_idx0:84_idx1:0_idx2:1249,pname:wel_inst:0_ptype:gr_usecol:3_pstyle:d_idx0:69_idx1:0_idx2:1249,pname:wel_inst:0_ptype:gr_usecol:3_pstyle:d_idx0:54_idx1:0_idx2:1249,pname:wel_inst:0_ptype:gr_usecol:3_pstyle:d_idx0:39_idx1:0_idx2:1249,ar_rate_1,ar_rate_2
gen=1_member=26_pso,-4.75,-3.16099,-4.75,-4.48672,-4.11561,-4.75,-3.48275,-4.1795,0,0
gen=1_member=78_pso,-3.287,-4.75,-4.75,-4.75,-3.5183,-3.79172,-4.10058,-4.1624,6.63236,6.91816
gen=1_member=6_pso,-4.75,-4.75,-2.32843,-2.56073,-3.80934,-3.25963,-2.22489,-4.75,5.45952,7
gen=1_member=70_pso,-4.05319,-2.0429,-3.79985,-4.55018,-3.47825,-4.75,-4.60176,-3.33497,5.14678,5.45697
gen=1_member=23_pso,-4.75,-2.74545,-2.73436,-3.26699,-3.05305,-3.18811,-3.89299,-2.27041,3.90192,3.99838
gen=1_member=45_pso,-4.50376,-1.695,-3.21055,-2.83375,-3.07955,-3.14507,-4.75,-3.77832,0.791507,0.590413
gen=1_member=44_pso,-3.19318,-4.48833,-4.58608,-3.07933,-2.68544,-2.83938,-4.162,-3.65826,5.4597,4.61884
gen=1_member=95_pso,-4.75,-3.93822,-4.75,-3.76143,-2.70285,-4.01259,-3.49905,-3.89989,0,2.55241
gen=1_member=39_pso,-4.75,-3.20807,-3.06032,-3.85149,-2.64759,-3.62008,-2.71963,-2.5244,2.67081,2.7664
gen=1_member=76_pso,-3.06655,-4.75,-4.09524,-3.05883,-4.21132,-4.45863,-4.75,-3.43379,4.09995,5.22899
gen=1_member=89_pso,-4.75,-3.69686,-3.98504,-3.27044,-2.78997,-4.40534,-4.75,-4.31501,0,1.29527
gen=1_member=61_pso,-2.99733,-4.65374,-2.40891,-4.14735,-4.64354,-4.27181,-3.41546,-4.75,1.94794,1.81948
gen=1_member=37_pso,-4.1065,-2.76938,-3.52173,-2.85455,-4.75,-3.05512,-3.97325,-4.75,2.25387,2.1748
gen=1_member=98_pso,-4.13755,-3.06371,-3.18976,-3.67639,-4.75,-4.75,-4.07437,-4.75,2.15213,7
gen=1_member=20_pso,-4.73233,-3.54977,-3.16697,-4.23382,-3.92691,-4.56875,-2.55542,-3.44867,2.29836,2.88915
gen=1_member=25_pso,-4.75,-3.35626,-3.31801,-1.50525,-3.40348,-4.49308,-2.98075,-3.22993,2.59607,4.84932
gen=1_member=72_pso,-4.75,-3.72154,-3.36264,-4.75,-4.75,-3.75361,-3.94442,-3.07216,1.90047,3.75356
gen=1_member=91_pso,-4.67241,-2.53547,-3.07351,-3.20514,-4.75,-2.85877,-3.56027,-4.75,2.37892,4.79424
gen=1_member=94_pso,-4.75,-2.3672,-3.2916,-2.89224,-3.76426,-4.45406,-3.59406,-4.75,0,0.745384
gen=1_member=10_pso,-4.42287,-3.863,-4.0687,-3.21414,-4.64975,-3.67101,-2.4403,-2.76302,0,4.5224
gen=1_member=67_pso,-3.39213,-3.76913,-4.75,-4.41188,-4.00145,-3.02428,-3.97799,-3.92215,3.48877,0
gen=1_member=3_pso,-4.75,-4.75,-3.20624,-2.93998,-2.60602,-2.78177,-2.19651,-3.83314,0,3.87753
gen=1_member=63_pso,-4.75,-3.45915,-3.63642,-4.75,-2.99545,-4.75,-3.32708,-2.82881,0,0.757752
gen=1_member=9_pso,-3.8291,-4.3488,-3.37674,-2.79265,-4.75,-4.75,-3.90512,-4.75,7,1.46445
gen=1_member=82_pso,-2.53087,-3.45856,-3.07594,-2.85179,-4.75,-2.84106,-3.75131,-3.64786,2.34464,3.9275
gen=1_member=34_pso,-4.75,-4.60367,-3.53634,-2.04425,-2.82498,-4.70026,-4.16655,-3.25103,0,0.584808
gen=1_member=59_pso,-3.02098,-4.75,-2.14065,-4.32205,-4.75,-3.347,-4.75,-3.47133,2.41639,0.206377
gen=1_member=11_pso,-2.83642,-3.07816,-3.01796,-4.39778,-2.73489,-3.17441,-3.26877,-4.64178,3.07707,0
gen=1_member=24_pso,-4.75,-2.17309,-3.18129,-2.35549,-3.89553,-3.73364,-2.98223,-4.75,4.18489,3.97157
gen=1_member=19_pso,-4.75,-3.63528,-2.82776,-4.75,-2.30465,-3.19767,-3.24921,-4.75,2.66929,6.22345
gen=1_member=40_pso,-4.75,-3.81568,-3.0463,-3.67529,-4.03228,-4.75,-3.04214,-3.66575,0,7
gen=1_member=65_pso,-4.32702,-4.39632,-2.58028,-4.47227,-2.64677,-4.34145,-4.37919,-4.75,2.0474,5.47939
gen=1_member=18_pso,-4.75,-4.62107,-4.1274,-4.25918,-3.5024,-2.10673,-4.42382,-3.43273,0,1.16084
gen=1_member=43_pso,-4.75,-3.31418,-2.40414,-4.75,-2.5153,-4.75,-3.1195,-4.75,0,0.507206
gen=1_member=62_pso,-3.29721,-4.2406,-3.3161,-4.75,-3.07461,-4.0077,-3.14213,-4.75,0.741867,2.20955
gen=1_member=33_pso,-3.82841,-3.38785,-4.60227,-2.86568,-4.75,-2.44232,-3.02407,-4.75,0.596244,5.43828
gen=1_member=53_pso,-3.66897,-4.75,-2.52898,-3.65244,-2.28388,-4.75,-3.09584,-4.75,4.26705,4.506
gen=1_member=7_pso,-3.54817,-2.50719,-3.01873,-2.27533,-4.73344,-4.75,-4.29562,-2.68672,2.47118,4.86724
gen=1_member=28_pso,-4.75,-4.75,-4.41079,-4.10976,-3.73166,-2.82659,-3.95408,-3.74575,0,0.245898
gen=1_member=73_pso,-4.75,-3.47285,-2.39429,-2.73101,-4.20987,-3.85658,-4.75,-4.13353,3.7694,2.47688
gen=1_member=5_pso,-4.11165,-4.75,-4.41793,-2.85651,-4.75,-4.05481,-3.91964,-2.86375,1.3302,1.71482
gen=1_member=30_pso,-2.62658,-4.75,-3.26317,-3.76084,-2.29684,-3.97789,-4.6433,-3.31226,0,2.88699
gen=1_member=14_pso,-4.75,-4.75,-2.70881,-3.40609,-3.83061,-4.39772,-4.67231,-4.75,3.77546,4.74997
gen=1_member=92_pso,-4.75,-4.75,-1.97487,-2.95461,-3.88749,-2.59043,-2.26671,-2.82532,0.203366,2.42645
gen=1_member=42_pso,-4.55771,-3.00373,-2.78114,-4.58707,-4.39789,-2.80094,-3.05838,-4.75,3.25811,3.07037
gen=1_member=100_pso,-4.1075,-4.75,-4.0682,-3.86073,-4.44386,-4.17792,-4.75,-4.11618,0,3.65144
gen=1_member=13_pso,-4.75,-2.75923,-2.55249,-2.90052,-3.49365,-2.60395,-4.75,-3.10126,3.71861,2.98015
gen=1_member=36_pso,-3.86084,-4.75,-3.58072,-4.75,-4.20426,-2.1084,-4.65279,-3.49628,1.92668,4.4888
gen=1_member=50_pso,-4.75,-3.55196,-3.03628,-3.84834,-4.75,-4.75,-3.51187,-3.14018,1.5686,4.99516
gen=1_member=101_pso,-3.0615,-4.75,-4.1076,-3.74254,-4.22661,-3.16095,-3.57303,-4.46828,1.8038,4.17487
gen=1_member=71_pso,-2.8096,-2.52011,-3.76556,-3.73148,-3.23816,-2.36015,-2.26261,-4.75,0.795654,4.88783
gen=1_member=60_pso,-3.40757,-3.33567,-3.89696,-4.75,-4.75,-4.75,-3.36276,-3.89811,2.08981,4.56786
gen=1_member=51_pso,-3.76039,-3.30811,-4.09552,-2.1245,-4.61425,-3.61206,-4.75,-3.50942,4.76501,1.0627
gen=1_member=4_pso,-4.75,-3.40702,-2.86009,-2.13679,-3.11786,-4.75,-4.75,-4.75,2.82923,2.8905
gen=1_member=86_pso,-3.83595,-4.00019,-3.61698,-2.89001,-4.43633,-3.6155,-2.78782,-2.86507,0,3.59773
gen=1_member=77_pso,-2.29291,-3.76103,-4.75,-4.20234,-4.75,-4.75,-2.69358,-2.3993,0,0
gen=1_member=22_pso,-3.9069,-4.07817,-4.25284,-4.75,-2.99171,-2.734,-2.7795,-2.03733,2.26978,2.18999
