real_name,x1,x2,x3,x4,x5,x6,x7,x8,x9,x10,x11,x12,x13,x14,x15,x16,x17,x18,x19,x20,x21,x22,x23,x24,x25,x26,x27,x28,x29,x30,x31,x32,x33,x34,x35,x36,x37,x38,x39,x40,x41,x42,x43,x44,x45,x46,x47,x48,x49,x50
gen=9_member=800_pso,-4.28051,-1.80118,7.27883,0.607442,4.91122,6.42013,5.04298,3.91468,2.35059,4.78927,6.64298,5.53875,-1.22126,4.38054,2.59347,1.82046,-3.04449,-2.38526,-3.44413,4.6798,2.72651,-3.79334,9.23605,0.294493,-1.79535,-2.77125,8.51004,7.64583,9.62295,-4.55984,9.71134,-1.47215,-1.5628,7.41427,9.44514,7.18068,-2.57282,-1.41663,5.85821,0.755799,6.57696,1.70778,5.33541,5.24069,4.23927,1.89832,2.14668,-4.38318,3.49888,-0.417191
gen=9_member=801_pso,-4.04153,4.24658,7.33698,6.05622,6.20615,-2.6814,2.96617,-1.83513,1.97485,4.35212,-1.34215,0.68636,1.45105,-0.990073,-1.37989,3.27446,2.37957,2.03548,2.6825,1.40441,7.44546,2.41248,2.40225,0.607342,1.29112,5.81935,7.0072,8.17937,2.89265,5.74392,7.35097,1.27267,-0.478995,2.48528,-0.339183,-3.36428,8.09345,-0.666568,5.94681,7.8004,5.71429,2.20466,-2.34049,1.11766,9.43261,-3.82614,8.58002,6.72528,1.65494,-1.89804
gen=9_member=802_pso,-3.83654,7.42586,7.76717,-3.78709,6.52744,1.35449,4.68503,0.799142,7.8375,5.72541,-2.97643,0.963877,2.53699,-0.920019,1.58243,4.61233,4.09715,-4.29526,3.45042,2.44702,6.45019,0.10003,3.34717,-0.840071,-0.716111,7.05973,-3.2545,7.64112,9.29315,9.18937,-0.700124,9.58661,0.125352,-0.443811,5.08634,9.56989,-2.46987,-3.87313,1.17882,-0.815358,0.86087,5.6073,6.61759,2.34468,4.95494,1.91759,1.67571,-1.09587,8.89448,8.29807
gen=9_member=803_pso,4.18634,6.97413,6.10545,1.65327,-2.07729,3.62556,-3.52682,8.33337,-2.4312,6.51326,6.78104,4.28778,-3.34127,1.02447,1.12511,4.90736,0.192356,7.06871,5.57218,0.392814,6.5433,1.86898,-1.09885,6.38135,2.07418,4.60406,5.44621,-3.64847,-2.43721,-3.92952,3.51765,6.10877,7.90833,4.03484,-0.83243,2.34511,-0.591619,7.41017,4.00293,-3.51951,-1.69091,-3.66573,0.231463,5.01198,9.06072,3.68466,-0.867615,3.94659,1.68149,-1.86628
gen=9_member=804_pso,-0.963696,5.83846,-1.6433,5.37201,-0.920899,-4.18407,5.97415,-2.60831,7.86238,-4.9442,-1.01663,9.30383,0.291441,3.33268,6.89241,1.47676,4.46884,0.413655,-4.3132,7.04884,-2.67904,9.06285,-1.93549,-1.03772,1.45073,1.09387,-2.03503,2.93233,0.494642,0.463434,5.26995,5.12182,-0.285154,-4.39702,5.87915,3.77465,-1.2531,3.54375,-3.4475,1.91142,8.05431,9.3873,4.41893,9.70662,4.72033,-3.22262,-4.87373,0.323554,-0.00591413,-0.0405391
gen=9_member=805_pso,8.00835,8.56502,-0.406176,0.603577,3.00093,-0.875822,9.34834,8.31897,5.56796,-4.29304,2.92825,-4.15398,9.11988,8.11169,9.97187,6.19939,5.72255,1.18796,-2.0354,0.0523954,-0.870919,9.21478,9.33987,2.05007,2.68805,-1.36136,4.06859,7.6657,-0.283801,0.624736,2.90348,0.528052,-3.67335,-4.45935,6.42366,-0.792789,1.94041,7.06886,2.2628,8.63872,9.16734,2.06715,-3.02094,9.65659,3.91156,-2.29995,0.75652,4.68059,6.01166,8.03461
gen=9_member=806_pso,0.0892405,0.454223,3.01778,-0.289772,0.449512,-4.7073,-1.5342,-1.67019,2.99905,7.43303,6.22386,7.15653,2.09804,9.55362,3.51914,0.496579,0.235473,-3.96711,0.507859,-2.29746,-2.56896,-4.49797,3.57264,-3.08535,6.46416,4.30511,1.76213,-1.01774,1.97943,0.0289425,7.60463,1.98772,-3.5424,-2.63991,7.75074,-2.02574,0.0909814,0.170575,-0.594428,6.92722,9.0784,0.594217,0.970171,-3.96408,2.75764,2.29953,8.69408,1.0535,8.4588,4.72376
gen=9_member=807_pso,3.58968,6.12298,-1.10577,-0.287329,3.97684,-0.511278,4.45237,8.47338,-0.441965,5.01061,2.26205,5.44976,8.39533,-0.363806,-2.42066,5.25793,3.6734,-2.60061,7.45677,0.18322,-1.79204,1.79983,-0.277537,6.63544,9.97642,3.35032,2.53259,4.27451,-3.08668,-3.07613,9.47938,2.2908,-0.567183,8.1424,7.43755,4.07423,6.15341,4.44345,-4.72781,-1.24545,6.04287,3.89313,5.87415,3.71195,4.84326,-3.43855,-1.79003,6.52954,-4.86362,-2.70444
gen=9_member=808_pso,-2.0182,1.45058,0.0560961,-3.17769,7.09078,6.8546,4.70888,9.40236,1.89951,-1.43225,3.11412,-3.43249,-0.746025,4.84508,2.69612,7.02512,-2.08361,2.45451,-3.35127,0.00274573,-1.64904,-2.36263,4.17626,-3.62975,3.45644,5.61726,3.54077,3.39897,-4.2385,-2.1741,7.19306,3.76466,5.01176,1.19102,2.53905,7.53459,1.78748,3.47234,0.312926,6.79854,5.39441,-0.3388,-1.5153,0.0931448,2.13753,-4.07456,-1.23567,-0.0796691,2.48466,8.47028
gen=9_member=809_pso,-2.44089,3.56076,3.37046,-4.17639,1.73309,6.99311,4.66844,4.05785,2.0884,9.42914,-0.583915,-0.376856,3.3801,6.65397,1.0337,0.096554,2.53326,3.35457,-2.44912,3.74928,9.46234,6.10741,8.37349,0.548366,-1.69877,-2.01849,6.51556,0.923384,3.87163,8.60457,1.08009,-3.83796,4.87322,3.46581,-2.11577,3.17869,-1.49372,-4.92476,7.39356,8.65175,0.446861,-4.26417,0.193817,7.38829,-2.04408,-3.99448,7.80371,9.05677,1.71356,-2.38648
gen=9_member=810_pso,-2.95895,0.136507,3.56017,-3.602,7.27834,7.54703,-0.415801,3.34354,-0.680954,3.48904,4.7068,1.62735,-2.97518,-0.418108,9.0279,6.18429,6.20393,-4.90445,1.80606,8.09343,-4.26374,2.3482,0.501664,-3.21795,3.53884,6.5892,5.36032,1.30252,2.54795,2.39064,2.3923,8.55417,1.38978,-0.949578,-4.26219,7.66639,-4.28068,-3.22927,-2.68284,0.520739,-1.9541,3.55454,1.90441,-0.47583,4.0135,-0.580998,0.49379,3.47597,5.97288,8.44672
gen=9_member=811_pso,-3.50425,4.38303,-4.59616,8.1425,6.80062,0.451922,9.58503,0.0335829,2.73141,-2.79443,8.78718,7.45044,7.08034,2.65602,4.5438,-2.12959,2.44239,-3.79733,0.813338,0.142892,-4.87913,-4.40083,2.647,-0.114918,7.90055,1.0724,4.00625,-1.90524,5.71324,6.71874,-4.03933,9.80954,-0.479968,4.08474,0.592258,4.86324,-3.58861,2.30439,0.42521,2.8188,-2.03267,3.91861,-2.36079,-0.409989,7.25646,-0.119873,-3.48716,5.48607,0.0202934,-2.46177
gen=9_member=812_pso,-2.3398,5.70431,4.76541,-2.79798,5.8675,8.92223,3.78466,0.636535,3.48791,0.955546,3.39701,7.3037,6.06669,-1.80877,9.1649,-4.69138,8.5883,9.51685,-3.46272,7.48975,1.75891,3.59285,1.52532,-2.88208,-1.63123,1.24736,-2.26483,-4.25771,0.734527,4.70147,5.98752,4.59464,-0.188455,5.27117,3.85354,8.22105,8.72122,-1.81025,2.52226,2.02688,9.22591,4.39155,4.77525,-4.05439,1.6443,-3.6259,1.91481,-3.1776,4.04111,3.89651
gen=9_member=813_pso,8.49258,-0.17909,3.57237,5.03514,5.0873,0.192073,5.61407,0.073713,2.31062,3.4847,9.69898,6.21207,-0.508804,0.922401,3.55333,-3.30614,1.85749,3.09496,0.56969,8.09511,1.43931,-0.249909,7.57921,-1.66421,1.53264,5.40673,2.65791,-0.243849,3.74675,8.42805,4.68825,7.01365,-4.87512,-0.268771,8.29546,6.55307,5.38305,3.97073,6.50015,2.93615,3.93315,2.23812,-2.40617,5.84085,5.1101,5.40979,7.66304,2.47811,-1.72776,3.35542
gen=9_member=814_pso,4.33054,-0.0133143,1.89193,1.69359,-1.51311,7.51333,-0.763611,5.40392,2.22924,-1.22053,3.76382,4.88945,1.47266,-1.34507,2.45079,6.16565,9.62533,-3.15767,8.51216,1.01166,5.14195,3.26264,9.77352,3.11066,1.72626,5.02372,-4.08731,4.71156,8.54456,4.19726,8.13001,3.614,8.56078,0.410491,9.58262,7.90259,9.39568,7.69007,8.17168,0.964599,-4.16479,0.936151,7.08431,0.944922,1.18505,7.13932,8.22315,-0.691617,3.36398,2.48265
gen=9_member=815_pso,7.33292,1.99616,-0.991148,1.86616,8.96821,9.59511,-4.39306,6.83126,-1.27433,5.67435,0.478993,1.0388,7.63905,6.0326,-1.59548,3.52974,5.07429,8.08739,7.71995,4.75931,6.53979,3.19974,4.85615,2.68432,4.89393,0.127881,6.84576,-0.761447,2.62056,4.34543,-2.08935,-4.78103,9.33021,9.20287,8.85194,-3.13389,3.5806,-2.15746,5.15543,9.7767,5.91986,-3.26408,8.27396,9.05185,9.31532,-1.37842,0.905941,-1.46377,1.63616,1.45355
gen=9_member=816_pso,7.5412,-3.07873,-1.92763,-2.06921,6.95732,-3.53412,0.443911,2.74958,4.10147,-4.88523,5.74194,2.00988,0.268072,8.52547,0.0514895,-0.138853,0.280428,4.54284,3.38248,-3.91545,-1.6819,-1.81832,-0.625874,0.380416,-3.81291,0.916995,8.88551,-4.25357,-2.37104,3.75869,-1.52558,2.96882,-0.168275,-4.31499,9.83912,-2.21188,2.13909,7.13249,-0.326726,5.08122,0.361418,-3.20568,-1.61996,-3.16792,7.2244,7.65771,-2.89624,-1.6768,-2.08841,3.11211
gen=9_member=817_pso,5.16237,3.19056,-0.679029,1.98957,7.14609,-2.41853,2.08597,3.78981,5.97935,2.25904,-0.822567,2.58659,8.23882,6.66963,5.4561,-0.70601,4.80474,8.46269,5.84838,3.19795,-2.70332,-4.47431,1.19809,7.65898,2.9612,9.83645,-1.68766,9.77089,7.3395,1.47752,5.498,9.24298,-1.0892,2.63596,2.64655,-1.09785,-1.09794,5.2518,2.30417,7.56185,1.76901,0.725799,4.07447,0.340066,2.5145,-0.277146,5.79282,6.43444,0.744424,4.30247
gen=9_member=818_pso,-4.05363,-0.659769,5.96418,-1.25063,2.20468,-1.65677,-2.27558,-1.35421,7.05561,-0.133535,8.11453,2.21438,3.11603,3.92907,-3.76595,4.92739,3.90546,-4.44434,3.77154,-1.52731,9.67045,0.386586,2.17044,-1.27669,0.0347889,2.26336,-4.9114,1.00514,5.83557,6.87799,2.00682,0.558429,-4.9434,1.62904,-2.67643,6.44611,0.460425,-3.43441,-4.77349,2.50856,7.77022,7.81413,5.34127,-1.13606,3.4288,8.75915,1.10031,9.88464,8.73861,2.78181
gen=9_member=819_pso,3.99006,-2.23234,6.21258,0.543101,0.50723,7.04135,-2.73765,4.10691,-0.136346,1.57655,5.34961,8.56647,2.83834,-2.6692,8.4056,-3.97182,4.11715,2.10514,9.2628,3.37974,5.33166,-1.49541,4.95355,-1.05845,2.58882,-2.62274,2.8548,-1.49963,9.06499,0.365656,9.54608,4.3967,-0.151231,-1.63295,-1.33574,-1.15049,-2.21944,9.86059,6.72312,0.991367,4.01611,0.960956,-3.81507,6.41741,-4.36521,-2.55973,-4.2901,0.682032,0.20069,-1.42057
gen=9_member=820_pso,1.04607,-0.574821,0.0715444,8.02609,1.1999,9.55856,2.51796,-0.389305,5.49183,-3.46813,5.1937,8.45112,0.140855,4.88036,3.07749,-1.37708,7.36727,2.53697,9.25398,2.05497,1.95006,5.21032,3.83599,9.2422,6.10619,-0.332517,4.99795,0.595729,7.68646,0.0658833,6.1228,2.62017,-2.07204,-0.228615,-4.87044,5.90917,-3.46831,1.07798,-3.07916,5.56114,7.62686,6.24787,0.739702,6.63186,-1.50271,-2.16791,-0.0475443,1.43107,-1.19185,3.79068
gen=9_member=821_pso,3.04712,6.66615,4.80241,3.35954,4.65531,-0.268227,-0.191718,5.21856,9.22588,-2.45984,4.18711,3.43027,0.825054,5.47948,9.69534,5.49042,5.85373,5.24272,3.88659,4.74322,1.48213,0.141428,9.68897,1.63762,-3.28435,4.15157,-0.924188,1.56354,0.384726,3.73353,3.98022,6.51811,3.97069,6.97839,-3.23579,1.58227,8.40666,7.81852,6.96634,7.54232,-1.1803,-1.98992,3.62689,6.11805,-4.4375,5.76211,-4.88304,5.59987,0.746777,-1.33787
gen=9_member=822_pso,3.82174,3.78076,9.17947,-2.15969,4.90244,-2.24937,7.20993,-2.72698,6.87969,-1.12963,-0.260301,3.48841,1.78477,9.73643,0.410725,6.46913,-0.35774,6.91996,0.423448,-1.27939,4.32743,2.10645,7.06439,0.480526,-3.08535,0.893117,-2.66578,-2.08982,-3.09439,-1.76737,2.4561,6.52205,4.37562,5.32081,5.28387,4.39706,-3.66756,2.18016,-2.75877,0.489988,7.09216,6.87056,-3.70402,3.05262,-2.41392,2.16965,-0.865999,-4.01075,0.131679,1.6612
gen=9_member=823_pso,5.93968,-1.2389,-1.03754,-1.32483,7.70613,9.12833,3.8784,2.57295,-3.08037,-4.40568,4.29664,6.48952,3.56114,2.7542,5.05775,-3.14739,2.89841,-4.74793,-2.69134,4.47069,6.38359,0.669531,2.56191,-1.75189,-4.59257,8.8869,4.30568,5.93057,-0.379219,8.16046,-0.706418,-0.113334,2.0917,2.81466,2.21307,-3.89137,0.822115,4.87445,5.58238,1.9127,2.87317,3.57565,3.63207,0.431564,-4.44547,-1.02627,6.86009,9.05708,4.11275,2.71174
gen=9_member=824_pso,8.77677,2.30174,-1.82132,4.10352,-2.31449,6.93156,3.24573,-1.41872,5.42296,-4.34521,2.28681,0.208421,-1.77895,-1.74501,1.59949,5.44049,7.29881,5.95957,-3.28643,-1.85663,4.38624,6.03593,0.0247705,5.9961,8.82133,-0.383566,-2.75609,5.32038,-3.9004,3.13001,2.99786,-0.244781,5.38072,2.11445,6.69055,6.74193,1.44659,-2.18801,-1.32665,2.9229,1.93932,7.91344,2.43527,4.15891,8.31108,-3.50048,-4.3506,-2.30063,7.97024,7.92693
gen=9_member=825_pso,9.34294,0.220154,3.67985,6.29018,3.00248,0.61606,4.29974,5.27757,3.38939,1.34127,-4.79397,4.53914,-1.22033,2.92392,0.312101,1.55907,-2.425,8.13873,-0.781492,9.33455,-1.30167,-2.08452,8.38707,0.956409,6.90901,-2.73084,4.64403,0.418513,1.31373,6.80107,2.08171,-4.99622,6.20754,1.87543,0.389751,6.83861,-2.86657,0.06709,9.79645,6.73407,4.29558,6.89397,3.14654,-3.66725,0.554687,2.72373,2.93842,3.66971,-0.395913,4.42435
gen=9_member=826_pso,7.69306,0.551431,8.58294,-2.7092,-0.95226,-2.63264,3.15306,3.12909,4.95669,-1.09154,-0.372261,-0.224436,4.9327,-4.58966,2.78219,-1.48046,-1.67237,-2.08752,5.72476,7.00019,1.73355,0.731689,0.667009,9.52149,4.28736,0.702994,0.615342,2.41,2.48173,1.9895,7.55566,0.553494,7.0184,-2.83075,2.09119,1.16595,9.96197,-3.49249,-4.92644,0.736801,0.233099,5.09474,-0.182753,0.993773,-0.00131053,-2.14947,5.69139,-0.0921892,3.11393,1.97466
gen=9_member=827_pso,2.01108,3.36303,3.68244,4.99065,9.06097,-3.55811,-4.73768,-0.99208,3.32605,-0.821299,8.71088,1.3827,-4.95814,2.03612,5.319,7.88817,-0.465126,-1.81771,9.16001,1.8999,8.97212,-0.579035,2.04159,6.33833,8.12963,8.82411,-0.269704,2.1072,2.45104,1.70377,6.0445,0.716968,5.39975,1.79046,8.49746,-1.52198,-2.42122,-3.14155,6.14699,7.11216,3.15864,9.2154,-2.9195,-4.77863,3.44894,-2.5368,5.51789,6.57354,5.92486,5.37344
gen=9_member=828_pso,4.29167,4.00097,-1.9399,4.83746,-0.853474,0.675127,-2.93747,4.70398,5.67178,-4.85589,-1.66011,3.2359,-3.17203,-1.63969,5.5365,-1.25641,-0.357245,9.54036,6.31014,-1.29143,3.94448,-3.57294,-0.305673,-2.48779,-2.38071,5.76606,6.1086,4.76504,1.08164,2.26833,-2.18289,1.64362,7.14374,1.73615,-0.391184,-0.772884,1.79474,2.55147,3.27895,2.07015,-0.205445,2.75881,4.7541,1.91429,6.66909,-2.77261,-3.87,-0.318541,7.20984,6.31744
gen=9_member=829_pso,-1.18344,5.19641,5.85333,2.60463,6.9001,9.71484,3.02397,7.22021,5.64114,4.29957,8.41926,-1.03528,7.94791,9.31339,6.85553,7.97806,-3.57646,4.64767,5.24333,-2.25033,-2.68666,3.53218,1.87494,-2.20948,2.31429,9.02023,4.95811,2.89779,-2.84574,-0.698884,3.3564,2.04941,8.69432,4.15327,-2.67412,3.11661,-0.0137437,3.54714,-3.08185,6.1912,8.36793,-0.894122,2.39602,0.155895,4.63255,1.75395,7.12979,2.92939,-4.47718,2.11044
gen=9_member=830_pso,6.18099,-3.9691,2.67226,3.61572,-4.49358,2.96903,6.6908,9.4282,6.44526,-1.36302,-4.23482,-3.23035,0.817134,8.38458,8.27182,2.17706,0.803653,-4.8821,6.04318,-1.41953,8.35797,-2.01391,-2.25777,-4.17056,6.63774,1.405,5.80923,-3.9362,-0.490836,5.13558,3.67938,-4.88446,4.29677,1.43378,-1.65677,2.14101,2.78836,5.82897,-0.387763,1.76273,0.329743,5.16469,1.78517,-1.0239,6.98503,2.54185,-2.83117,7.56426,0.919063,-3.27835
gen=9_member=831_pso,4.5148,6.30107,3.96826,4.04562,-2.12139,-3.11672,8.17808,-3.95764,0.727582,8.12784,-3.15645,-1.20245,2.45122,7.42181,-1.91379,2.32317,0.81822,-2.02077,7.9054,-2.49265,-0.489233,2.77691,-0.00952064,4.94426,-4.93238,7.18387,-4.08192,7.87345,3.97342,-3.35074,-0.274488,5.75969,4.52461,-4.35859,5.12579,7.71373,-1.08848,7.81834,-0.256226,2.54352,-1.5279,-1.94654,6.39352,8.37826,4.7805,-0.51835,-4.06052,0.282209,5.45542,1.88594
gen=9_member=832_pso,4.02128,2.24499,6.89858,5.14853,9.14366,3.72115,6.48061,-3.06432,-3.26679,-0.336492,-1.12031,-2.1126,1.2266,7.93785,1.58998,1.62959,-1.17085,3.12994,-3.42167,0.413159,3.63446,4.62963,6.23761,6.58865,5.05822,-0.321004,7.55517,-1.45677,4.06886,-3.39789,3.69114,9.10121,9.20024,6.27951,8.19536,-1.25688,4.95189,2.92116,6.98972,6.95035,-4.45773,7.46943,-0.336926,-1.23577,7.13671,4.15505,2.86337,-0.474603,3.45367,-1.84705
gen=9_member=833_pso,3.82964,-0.204646,0.697824,1.52192,0.66442,-0.371312,6.93128,-4.55466,5.23058,9.36458,-1.29757,-4.00585,2.44481,9.08132,-2.30219,3.60425,2.66078,0.638899,-1.20877,3.64496,-3.59714,0.33909,4.94512,-3.22878,-3.07627,2.75797,0.467501,4.94519,-0.108159,2.66107,-4.7015,2.21226,5.68756,5.63004,1.77687,6.40635,2.05465,-4.15925,8.70524,4.86012,6.27431,0.762372,-4.23503,6.79602,-3.1267,4.63069,7.64969,7.15068,7.11451,-4.07881
gen=9_member=834_pso,4.7065,3.30882,7.38892,7.92839,-3.77821,8.95624,-4.27802,4.8373,9.09617,-2.71729,1.63329,-2.93626,3.93705,6.09429,-1.37155,-0.671138,-0.989982,-3.00548,9.7955,4.63399,-0.527782,7.50715,5.95929,0.851562,-2.33269,-2.88538,6.82356,8.34558,1.83794,1.54284,0.832551,-1.41888,-0.158791,8.45554,1.66768,-4.88681,-1.76264,1.59815,-4.75573,5.7645,5.61004,9.32308,-2.87874,5.48033,-3.98616,3.52549,-2.89364,6.10105,4.30412,3.83481
gen=9_member=835_pso,4.15871,0.197911,-4.99894,0.554774,-1.86823,2.40007,-2.21044,3.15822,4.79997,3.04967,-1.9188,5.62227,8.42486,-2.79913,1.50333,5.75796,0.1177,1.95811,2.41165,5.58341,5.36656,-2.09185,2.38472,1.43773,0.347671,6.83839,2.10739,1.30801,7.98368,-0.0971765,4.01631,7.12596,4.8664,-2.81072,6.33261,-1.44977,-3.86832,1.61826,6.03404,6.15821,1.72995,6.03942,6.44743,-2.52231,4.03423,-0.00499348,-0.14028,-1.17437,7.13694,-4.0439
gen=9_member=836_pso,8.93788,-2.79357,8.24569,-3.45829,5.68718,0.343643,3.1397,-3.77705,7.93247,5.05567,-3.19112,-4.1541,2.34293,4.24385,-0.537695,4.4804,4.86392,-3.65241,-4.41416,8.71173,1.45105,2.47133,2.73276,-3.78571,-0.531979,-2.73537,1.51709,-0.9177,1.30359,-0.816683,2.90728,-3.51533,-3.28688,-1.59825,0.926511,7.66933,8.32912,-2.05931,-2.26131,-1.58603,1.27769,-4.69613,-2.36809,5.99901,-1.01758,6.25697,7.25363,6.21946,-3.20006,0.960595
gen=9_member=837_pso,2.12334,-1.54737,-0.621083,-2.32722,3.68594,9.60181,0.127004,8.25516,2.21634,-4.03863,4.21582,9.70767,2.37179,0.0074608,3.98856,8.83553,9.19443,5.26108,-3.07444,0.48602,7.3256,1.74959,9.25024,-1.25471,3.98074,-0.271808,9.55141,0.543505,1.31827,-4.88608,9.22111,1.59857,-1.25315,-2.18829,-3.07293,3.90191,9.53582,-2.64549,5.35761,5.04164,1.43915,6.8691,2.473,-3.75542,7.75135,0.783794,6.43442,-1.53001,9.15888,-1.51588
gen=9_member=838_pso,2.77382,7.53753,-0.0790187,5.6465,3.99232,0.284281,5.47283,5.88095,5.51639,-0.586791,5.35385,4.53103,8.38154,3.92052,3.77095,3.90667,8.40569,1.32733,6.02247,7.30514,-1.60839,7.47745,9.36491,5.84717,6.22801,0.25289,2.47825,-0.638059,-0.682507,-0.662334,5.62984,2.15317,2.78982,2.86506,6.0309,6.20764,5.49518,-2.84335,5.58954,5.55398,3.11141,-2.93326,-3.28523,8.31311,2.9489,-1.86796,1.29091,-2.98872,1.92644,9.09513
gen=9_member=839_pso,-3.65772,3.84529,-2.86593,8.27156,-2.04998,4.64433,6.53997,-2.47483,3.78428,-2.73363,2.62297,-2.70032,-3.45498,-4.77799,-0.906858,-2.99859,4.98786,2.86908,2.1883,-3.53108,-0.939491,-1.08878,7.45533,3.22333,8.01371,-0.988717,1.21668,1.33365,8.61602,7.9569,6.33593,1.97282,6.34229,-3.23561,3.2536,-1.97339,1.31707,2.00793,9.06385,1.68543,9.59335,4.68337,-2.29191,0.319428,6.18945,-2.66789,1.65679,-1.81481,1.99951,1.77982
gen=9_member=840_pso,8.82855,2.70336,-1.27314,0.223788,3.30299,5.19164,-0.719326,2.95181,1.47239,4.08813,0.104247,3.2416,-4.34737,-2.87921,6.73167,3.37642,-3.92865,-4.17032,2.21489,3.73995,-3.83125,-4.01314,5.44318,3.10478,0.0331862,0.387553,2.8652,-2.8234,4.30497,4.1245,5.19451,-1.35795,4.57714,4.36389,1.5306,5.54978,7.1933,2.90346,2.24732,-1.52545,-4.62221,5.70961,6.85294,-1.84347,4.30266,0.215687,0.900794,6.02149,4.37753,-0.546564
gen=9_member=841_pso,0.231287,8.63598,5.76135,-3.32649,-0.499225,4.38687,9.61273,5.94188,3.13913,-1.20734,9.44558,-1.31191,-0.709069,4.00914,3.50116,1.88741,-3.60277,9.45405,-1.06978,0.420861,5.00562,6.13161,7.48866,-0.285885,-0.991962,-3.51871,2.40085,-3.22676,8.87387,-1.54317,-2.12359,1.90431,8.80329,3.51946,6.37004,1.52648,5.3059,-1.00643,8.7587,4.32769,5.31234,2.7264,-1.64774,8.91286,3.80565,4.31917,7.48382,-2.49316,-1.30777,2.20799
gen=9_member=842_pso,7.49643,1.27208,1.68147,-1.00837,6.36676,6.45111,-0.534718,2.22982,7.63999,7.27548,2.62128,-4.83223,0.220006,2.51059,6.35384,2.96729,6.86057,7.39972,-2.18063,5.9935,1.73662,5.26138,-0.995262,6.94931,0.486001,-1.94429,-2.77853,6.34844,-0.0315501,6.25236,6.08982,-2.27068,9.1802,6.39762,5.67,7.29064,1.56821,-1.19731,1.26474,8.27486,6.69375,6.62253,-2.08697,-0.571004,3.57494,7.06973,-2.39646,-4.35131,-2.28242,0.844805
gen=9_member=843_pso,-1.2505,1.37477,5.98972,7.33176,4.78129,0.915886,9.15594,8.53392,7.11455,-0.132933,5.29088,3.9123,1.55199,1.58604,7.2491,4.09697,-1.36471,-3.36548,4.9783,7.07304,9.18986,-4.13605,-1.75041,-4.40963,4.97363,-1.22296,4.1882,2.85269,-3.37459,-3.4376,2.90897,0.985956,0.231426,-0.343318,-2.79331,-0.718911,2.43357,4.97259,8.54775,0.337374,4.46122,7.43453,-3.6675,-4.67486,1.2189,0.535133,1.41132,1.74921,-3.99387,3.61875
gen=9_member=844_pso,9.67434,9.33345,7.71603,0.301634,2.26803,6.80541,9.72756,-2.03881,-0.92052,-2.07785,4.92736,9.04873,6.76982,-0.829364,-4.32801,-2.46688,-1.92037,4.0447,6.11402,-0.663564,2.02544,7.58418,5.45562,4.49163,7.00135,-2.34404,8.00882,7.37376,5.54449,-4.26037,8.36534,2.3962,8.36507,-1.04998,0.663276,1.35793,3.40944,8.72999,8.79293,6.06832,-4.62909,4.26248,-2.6528,7.8677,7.59906,7.50277,5.828,4.60872,-1.77034,0.743293
gen=9_member=845_pso,1.63982,-3.33105,8.45242,6.76858,-3.16787,8.4828,-1.52316,3.14686,8.25009,7.63745,5.17556,2.9718,-4.81905,1.0639,5.72602,7.08121,3.93044,-2.82421,6.74543,-0.280146,-2.30285,4.64002,-4.13002,0.738753,0.0204066,1.1669,7.41923,-2.01484,5.66466,5.65931,0.0582205,-0.298757,7.46611,4.12725,1.88786,8.8998,-4.77345,6.31605,8.15616,5.49642,-0.399306,4.88515,4.68472,8.74767,2.21624,-2.34925,1.85434,5.48757,8.59961,7.56478
gen=9_member=846_pso,6.33366,-3.6835,2.9777,0.75259,1.90109,0.0393169,-2.93317,-1.34919,9.1795,2.20533,1.88735,1.86944,-0.641711,-3.93584,0.402145,0.589864,-0.52184,5.01686,6.4376,-2.42142,0.389633,-3.4216,7.72387,3.4472,-1.34404,-2.34401,0.7538,-4.41307,2.77663,1.95958,3.20444,2.63427,6.07731,-2.07959,0.41156,3.05683,5.3722,9.21448,-4.99555,-2.88993,7.01881,7.15723,-3.18928,3.04115,4.82299,-0.0304931,3.74533,-1.52615,-0.609242,5.17359
gen=9_member=847_pso,3.64665,-3.43289,2.80251,7.98864,-2.23715,7.32539,-0.212872,7.30208,7.80561,6.28654,4.12391,2.86357,3.2903,-1.24861,0.290188,9.33779,-1.0883,-3.00128,-1.11147,5.53559,3.91063,1.76807,-3.14599,8.38266,1.85008,0.728071,4.39621,-2.95012,6.67269,9.11242,-1.61649,-1.03613,-2.58432,2.55716,2.86166,7.43882,0.320178,-1.99411,-3.14894,-1.39362,4.70312,-2.34401,-0.0789575,-2.03882,0.591843,3.52342,1.89622,-3.51512,-1.80035,2.67354
gen=9_member=848_pso,5.06372,0.574361,-3.21161,-2.85983,6.90369,-4.58974,4.09837,5.70791,8.2858,5.59669,1.61207,4.47823,6.20373,1.17817,5.75818,4.68393,1.04795,0.916329,2.29728,-0.705056,5.29707,2.96156,5.12127,8.79771,-0.109262,-4.04577,4.22412,5.62462,-2.26222,1.42573,1.00682,5.70729,6.66616,-3.64724,-4.42229,-2.37232,-0.49839,8.83597,-2.0826,-0.769921,2.6492,-4.87426,-0.846703,-1.69079,-3.25807,1.38254,8.14536,-4.37347,2.43708,5.86746
gen=9_member=849_pso,4.64209,-1.85757,-1.24695,1.55517,8.03976,-3.4809,1.59012,3.74218,6.64864,0.675245,-4.47282,1.27665,-0.927008,4.50245,6.66611,2.09811,0.674417,-2.54507,1.34377,3.4267,5.69707,9.79029,6.75099,-0.365797,3.49261,5.95929,3.75576,3.50745,4.06457,1.34783,5.54145,-2.81239,0.322312,-0.976143,7.59503,2.73686,1.95311,3.11293,0.126003,6.8321,0.548205,-1.6214,6.7474,6.8083,-3.4323,-1.9787,-3.255,-0.344953,8.95869,9.29581
gen=9_member=850_pso,-2.7765,6.95278,1.7556,-1.24703,8.68457,4.73158,-0.408682,5.31196,7.39344,-4.22243,4.18594,1.55446,6.52809,6.24137,-4.958,-4.32797,-0.0394633,4.69513,3.91423,1.21801,0.298881,2.09982,5.94899,-3.18352,-1.76052,1.56752,5.83835,1.64146,-0.253876,7.86337,6.0151,7.90187,-3.01256,2.93577,9.58207,2.73697,6.62512,-0.079005,1.92681,9.70497,7.19213,-2.93359,3.39644,-0.139171,-4.79893,3.93569,-0.691968,2.35364,2.38569,2.96995
gen=9_member=851_pso,9.95438,1.32954,5.48855,7.73269,7.59299,-1.80361,1.80851,4.91367,8.24643,-2.94924,2.81981,-2.2954,6.01126,1.82396,2.06373,-2.15456,6.46992,2.84724,-2.96101,-4.45185,6.30624,7.33655,3.15657,6.58795,8.79583,7.68718,3.56452,-2.3472,2.76426,8.59388,1.52174,-2.16998,9.42005,-1.63722,9.34112,-2.86249,5.43486,3.30498,-1.74281,7.83117,1.56659,-1.60554,5.84868,9.69581,-0.569185,1.20885,-3.27117,-1.97661,4.51645,-3.4721
gen=9_member=852_pso,2.57311,-1.98104,9.63759,3.71295,0.704293,0.482937,8.02741,8.03982,-0.852552,-2.78508,3.10989,-2.10902,-3.64265,9.6199,-0.44131,5.99732,6.37872,2.09491,-2.87442,2.67089,4.00887,4.77501,1.99929,-0.283486,7.06886,-1.06046,5.28747,-0.589311,6.4293,2.02623,7.63053,-4.43267,2.27229,1.26439,-0.758097,4.26544,-0.682995,2.9766,-4.4089,4.24707,0.721053,1.60217,5.8693,-1.74288,-1.24054,-0.844885,2.86635,5.59263,5.86773,7.49517
gen=9_member=853_pso,8.69266,-2.03064,9.96607,8.64599,5.45381,2.72104,1.96168,-0.887994,8.08602,2.90514,9.90793,-1.34059,1.03833,1.52022,-2.44902,0.675776,8.82421,5.05267,2.45936,-1.88551,-3.35314,4.38323,3.50626,4.88547,5.26596,7.95301,5.65138,-3.11793,9.06483,5.73857,1.36915,7.07596,-3.01667,-3.81477,8.18781,6.73039,2.62685,3.26694,4.30116,4.53332,4.40669,0.0776191,6.54582,-4.409,8.8749,4.65982,-1.14987,6.00933,8.06486,4.39715
gen=9_member=854_pso,8.68288,-1.77989,-2.53637,5.80143,7.72532,-1.64484,3.86665,-3.81741,3.29526,-0.661173,-2.33023,-1.52236,1.96527,-1.78278,3.81103,3.14825,5.88454,6.72908,0.889045,-2.58342,-3.47971,-4.21332,-3.1346,-2.46992,1.86759,-4.26608,7.26954,-1.62457,2.33981,3.42176,-1.77497,6.29635,4.19199,9.2671,2.00351,-0.531261,-2.00282,0.0409154,0.402847,8.27418,5.91276,-3.60194,-4.15764,7.63815,4.06756,8.2274,3.77668,-2.12098,9.47334,1.53016
gen=9_member=855_pso,2.93347,7.05662,4.47638,-0.709105,6.14284,4.67249,0.685853,-4.06549,3.10783,0.38975,7.24457,1.7256,-1.71678,3.70551,7.79864,-0.169337,1.10782,-1.56104,0.623005,3.9893,3.19214,9.03393,8.41825,0.222985,-2.78663,-0.9145,-0.0219664,-4.65892,8.86874,5.08659,-4.20048,2.9775,2.06627,3.26797,-4.0874,5.5688,0.0836735,-1.66986,3.35302,9.7376,9.88167,0.975145,3.53175,-0.744684,6.8321,8.01741,-1.15929,2.72021,9.37546,4.49669
gen=9_member=856_pso,2.94699,-1.28136,8.17307,8.72172,-0.240594,0.25267,4.57458,7.48382,2.67716,3.70161,7.57063,2.14528,4.90132,-2.99391,-0.538824,1.40782,6.93793,-2.22297,-0.158416,0.697716,7.54286,2.82029,4.2472,5.12563,5.39115,3.25742,7.47453,0.631355,-0.574289,-2.29779,1.06506,8.399,-4.5229,0.165209,8.13488,0.161604,4.20138,1.03401,2.11547,8.68094,1.08139,3.78518,6.08675,0.332297,-1.68123,6.22659,4.20175,8.24704,-1.94827,7.38812
gen=9_member=857_pso,0.286331,8.17973,0.459526,0.629441,5.45764,6.24702,9.5649,7.52759,-3.69899,-0.270108,8.07105,3.91394,7.66268,9.99332,7.60672,-1.56503,0.243264,3.16246,5.55546,1.84643,3.91692,-1.41066,1.19763,6.46353,3.93153,-0.272476,6.46146,2.64514,-1.89874,2.89109,-3.62995,6.8202,4.13363,8.76275,6.35368,3.67775,-3.85222,1.92582,4.46232,8.9003,8.12665,-1.46986,0.800178,0.692609,9.31058,3.81477,5.76415,1.08335,-0.0110495,-4.22483
gen=9_member=858_pso,-3.90322,0.301094,3.12359,3.563,2.15127,0.881061,2.07739,5.38544,8.07078,3.32263,-3.97481,-2.11144,-2.31854,4.79083,4.73222,6.16038,2.01345,1.43026,8.4861,2.94988,-0.184115,9.87778,2.93005,-3.08341,1.47696,2.45533,1.53296,3.62538,-3.94607,-2.40368,7.8256,-0.762647,3.44806,7.99305,7.93945,-3.90872,0.795756,5.73522,5.70624,0.67542,1.86848,-0.035299,-3.88789,2.45028,2.8633,2.12547,5.13859,-1.61746,0.156496,5.13483
gen=9_member=859_pso,0.277267,5.52,1.91245,-1.37065,-2.99814,2.87095,2.63718,-0.165452,1.42728,-3.39037,6.61249,0.76423,3.1209,-4.6225,7.56229,5.30399,3.68699,8.36657,0.425469,-1.84,-4.11859,6.2096,1.65747,-0.235365,4.7741,-0.474171,-4.46033,-0.480448,1.82038,0.712846,0.161393,-0.247568,0.535406,2.56308,5.67306,3.41003,5.93822,-0.340458,-0.547711,5.92802,1.86798,0.223247,-1.60618,3.42171,9.51978,-3.51965,-4.4553,7.45399,0.638072,-2.58149
gen=9_member=860_pso,-0.452222,4.12436,-0.397363,-4.5166,3.66535,6.64884,4.42888,7.48905,-2.65056,-4.37875,1.51776,-4.09012,5.70195,-0.640192,1.14698,5.12263,3.19637,0.99025,1.21795,4.07584,6.35262,1.32431,1.99464,3.36524,4.47373,3.66901,5.90804,1.88289,7.75695,3.33423,3.43269,8.87065,-4.33422,7.997,4.76607,7.31424,2.8126,-1.99922,5.79372,-3.51166,0.613585,-2.31633,5.40832,2.8965,-2.71115,3.5789,-1.41651,-0.92931,-2.25561,2.26142
gen=9_member=861_pso,7.15601,2.63292,0.189987,-1.83512,-2.61801,-0.754968,-3.80454,-4.8784,1.32566,3.22882,-3.57151,3.84918,5.57317,3.79256,-1.68024,-1.17731,7.09745,8.55625,-2.53184,9.97368,3.23261,8.42377,2.66187,2.36007,0.527279,6.10068,2.57468,5.81346,6.18177,-2.0221,8.11864,-1.66927,6.93892,4.72899,7.1172,0.780352,-1.87098,1.88701,1.71368,3.99305,3.13224,-4.42352,3.50607,0.174264,2.44845,3.77586,-4.20768,-3.06375,7.85989,-1.38672
gen=9_member=862_pso,3.33827,2.9222,3.81535,-1.57835,5.90736,1.75763,-2.72137,-0.801125,1.21088,4.67945,8.67003,-4.75996,-1.65525,-2.51431,7.15548,5.43892,-2.58028,7.09702,7.49544,-3.28156,-2.28441,-1.24989,1.72485,-2.73835,2.74043,3.87177,7.25472,0.180048,3.21139,-1.98664,6.40814,5.96264,-1.21621,-4.30473,-0.766071,1.66921,1.24134,3.76617,4.20045,0.157271,-2.19685,9.77868,3.93815,0.544588,-1.07106,-2.81896,6.42352,0.250847,7.18226,2.04777
gen=9_member=863_pso,-1.182,9.19808,6.7185,0.998832,-4.90519,-1.77937,4.65621,9.61572,0.853013,5.14692,4.86488,6.23291,0.212151,-2.82267,5.2352,5.91921,-3.0678,-3.51499,3.445,4.3714,5.4393,1.7386,4.96878,8.76,5.31834,-3.38861,4.34755,3.45148,7.49949,-0.126421,3.71237,1.3001,6.87617,3.68,-1.00184,4.92606,-1.489,1.32742,3.428,-1.56499,4.35802,4.00073,6.70559,9.14469,4.60606,-1.10718,5.32672,2.86714,-3.7095,3.30892
gen=9_member=864_pso,0.169039,8.78469,5.00472,-1.558,7.02565,8.10444,-4.12657,2.28553,3.87617,2.91191,6.57579,2.50578,-2.69686,-2.99933,3.10857,-2.94389,2.69657,-3.60532,3.95844,0.33913,-3.48992,2.12528,4.8641,3.59774,2.29165,3.85777,1.19695,-0.842342,-3.91881,9.65651,-0.763546,-0.480215,-3.17113,9.68493,-4.75945,8.38033,-3.23055,-0.728499,7.07899,1.60881,5.79955,3.97815,2.975,0.919479,-2.99241,-1.42861,0.687719,6.39282,4.40209,5.30061
gen=9_member=865_pso,2.38573,3.90608,-0.905173,-2.94768,1.70368,-4.42527,2.03421,3.23685,7.55454,9.03637,7.57885,0.515907,-4.905,1.65248,7.56624,-0.404073,-3.27819,0.041159,5.18471,-2.88438,2.06085,3.20826,1.30763,1.61276,0.354224,8.91232,5.3447,2.84042,6.21237,5.6271,0.377757,-0.89593,7.68037,9.56602,3.44324,6.54367,2.40749,4.71115,7.63196,-2.57647,3.62959,-2.7013,1.78035,8.46792,2.02674,-0.573556,1.22687,-2.60042,-0.854103,1.65297
gen=9_member=866_pso,4.67989,8.3465,8.52827,0.722543,5.65339,3.08515,3.58692,0.344464,6.92648,-0.357188,-4.06076,8.02524,4.11556,7.81744,-2.89566,1.16344,3.30551,-3.91958,-2.32208,1.18452,-2.28021,9.03968,7.44533,8.9159,-0.178875,6.01023,-0.376954,-2.02336,6.00709,0.267851,-0.308998,-3.17691,4.37424,5.55398,0.429601,0.0649459,5.62612,-3.2006,-1.53484,-2.96181,1.42206,3.47706,5.03488,-1.25149,0.934211,-0.511318,-3.17789,2.58931,-0.0821741,6.44796
gen=9_member=867_pso,-4.68283,4.87876,9.68308,9.97221,5.53446,9.89248,7.62177,-1.85273,7.54074,5.14906,8.24272,7.70571,-2.19042,1.63118,3.08541,1.3906,0.238094,4.53502,1.6222,1.62232,-0.84211,-3.72643,5.28515,1.12449,-4.25651,-3.30564,3.24271,2.2252,3.38515,6.98264,-1.573,-0.76709,4.82951,4.22492,5.55683,2.07004,-4.35125,-1.07852,1.05043,-1.36577,5.52017,7.99176,1.69332,1.44793,-1.76232,2.94221,-2.4461,-4.92419,0.0532591,1.24381
gen=9_member=868_pso,1.95164,1.10495,5.03994,5.10287,4.90159,1.83088,-4.17283,5.92128,4.27228,9.37543,4.57673,0.706534,4.97627,3.38381,2.18588,9.54002,1.3875,2.62746,8.73718,5.94423,5.03109,3.77255,8.5508,-0.0729937,7.41787,7.2378,3.6706,0.463366,0.350275,-1.99702,9.32697,9.76642,-1.02278,-4.76449,5.82288,-2.12495,9.8864,-0.69353,5.09637,6.55627,8.38197,-0.834516,6.81105,1.03337,2.28979,2.50986,5.16172,7.63078,0.33434,1.08583
gen=9_member=869_pso,1.78518,5.12518,-2.91853,-0.720373,8.49579,-1.91943,-1.28921,5.28223,4.89788,-3.74408,-0.865061,3.37492,-0.693479,4.56002,3.01388,-0.767788,3.11267,-3.21242,1.45668,3.07514,6.14336,5.72596,-4.97038,-1.05604,2.69926,-1.41736,7.47754,-2.49383,-0.957187,3.09934,-0.713318,-1.78044,5.82775,9.32229,8.23443,0.599094,-0.965625,-2.76014,7.73379,0.863306,1.54593,1.26296,8.76267,5.09064,-1.67233,2.01817,4.26,4.10192,1.79381,2.9752
gen=9_member=870_pso,1.88877,3.49723,-0.414958,6.77089,1.33879,-2.83672,6.10643,-2.08593,-4.48814,-2.36159,3.57584,6.71953,3.60257,3.20759,8.39434,-1.98046,5.06554,-3.55562,-1.8067,3.91331,5.15163,2.45849,9.44907,3.61413,-1.37556,6.23953,-4.60106,0.967128,2.60299,8.56093,7.59743,-2.1118,-3.03014,0.22155,4.07839,0.322985,-0.0109577,4.17066,-1.91569,5.96205,-1.34408,9.53622,5.93238,-2.64599,7.00984,5.20678,3.51139,-1.83244,-4.31912,-2.94408
gen=9_member=871_pso,5.10218,4.79307,7.63129,3.92331,-1.6541,4.09468,-2.20199,9.70875,8.64515,2.14654,-4.44878,2.00714,6.85809,9.72285,7.03453,-0.864092,0.772284,8.41737,-3.25197,-3.15453,-1.93205,9.3095,4.16272,-0.184352,2.87706,6.96009,-2.01143,5.78624,-3.3846,3.90635,-1.46936,6.87287,0.71789,-3.54645,5.75581,6.06968,-3.31089,6.08516,-4.10631,-2.57353,2.60495,6.36395,0.675987,1.91931,1.53004,-3.87958,2.97294,-2.05894,7.40873,7.34593
gen=9_member=872_pso,-3.33731,-3.69062,-2.09319,6.98703,-0.144164,1.857,0.0620598,3.2953,-2.10633,7.58338,-4.73919,5.29795,4.63135,0.593046,2.38379,8.45932,2.00137,3.9951,0.168289,5.42651,7.22838,3.8644,-1.67763,6.49675,2.21345,1.61306,-1.35588,4.01377,6.32783,4.0386,1.53301,1.04764,1.92699,8.14925,2.46384,-4.44163,-0.948932,-0.292374,2.16598,1.20652,1.91034,2.5924,5.42013,7.24347,8.50664,1.31514,6.50175,7.33824,8.20159,-0.796138
gen=9_member=873_pso,0.691159,1.33488,6.23355,9.67978,0.222313,8.76296,-1.17909,-0.12959,2.47229,-1.44073,4.14505,-0.620237,4.75876,5.23129,6.78418,1.27326,2.61934,1.18264,9.30504,5.71591,-0.617866,-2.49574,1.15666,0.652765,5.98908,2.75459,8.49919,0.430675,-4.30567,4.4252,4.41964,-1.96933,2.12341,4.4731,3.94829,-3.08631,1.20181,6.74946,7.38494,8.64107,5.28342,-2.15023,6.77603,7.16226,0.99824,2.10702,6.48354,-0.539444,5.89114,8.80671
gen=9_member=874_pso,-1.24795,6.94343,8.14504,0.464434,2.5978,-1.11745,-4.09455,-1.56711,5.96504,-2.54551,3.46982,-2.7658,4.2205,0.992209,-2.48172,8.66647,4.12725,7.05484,9.87784,-3.53747,-0.775441,1.05584,-2.05405,5.49078,6.06697,3.36835,7.63808,-1.65939,2.50536,1.25071,-2.66928,5.43928,0.730939,1.66387,-4.22166,2.68257,6.25227,-1.73002,-2.04131,7.8624,1.7616,1.40857,6.19562,3.46482,7.1605,-2.27699,2.09288,-4.71851,-2.54519,-1.77375
gen=9_member=875_pso,-2.50359,3.81509,7.48124,9.20083,-1.27232,2.59247,9.3955,3.94052,6.93685,2.4477,1.0956,5.08435,7.34667,-2.81502,-0.451621,0.10258,4.89617,8.14643,8.2049,7.6682,4.75005,3.11362,-3.45256,7.65474,2.92581,-4.42764,4.60202,0.388096,6.7198,-3.18901,-3.67962,6.12097,-1.43464,-0.311785,-0.684796,-0.170356,-0.191076,6.69412,7.53722,-0.566209,2.72452,-0.659393,-1.83805,-2.27337,-0.233522,7.16412,5.23662,6.17939,7.59758,4.25527
gen=9_member=876_pso,8.91755,6.31518,3.68725,8.82257,5.91385,1.90146,-1.70254,0.465033,1.61553,0.344601,6.05323,0.372082,-2.25438,1.90763,1.6411,0.673864,8.24153,7.49574,-4.83676,1.70322,6.03126,-2.30587,5.43619,8.56274,6.81941,-3.90996,2.50695,8.71738,1.50987,0.953343,5.46767,2.36869,6.82675,-1.9988,9.82865,-1.169,-2.78542,2.0274,-3.1499,8.90707,5.79778,8.98575,5.78678,-4.97573,-3.00563,-0.924204,6.60947,-0.475219,-1.48994,-2.16115
gen=9_member=877_pso,2.92908,-1.51605,9.05195,4.15201,8.35108,5.41268,7.40656,6.37568,7.41896,8.30685,7.28021,4.06734,1.0565,5.84167,-4.40065,1.49523,4.22962,5.0818,8.21804,-4.07879,0.408871,-1.2501,5.5641,1.36301,3.59231,-1.51864,3.88295,-2.02513,-0.781194,-2.23221,9.98652,1.03796,6.55171,-3.09625,6.50238,5.31744,-1.1209,-0.647169,-1.78806,-0.509952,-3.89999,-4.08815,-3.17126,4.69662,7.67052,-0.94428,2.25296,-2.24619,2.68769,8.07482
gen=9_member=878_pso,5.91899,0.314149,5.46421,3.86046,8.60962,3.81442,-0.811934,3.4718,6.00448,-4.18019,2.58216,-4.17354,7.04455,4.11853,-2.87902,8.25176,6.18448,3.40156,8.54634,3.47097,4.75043,-0.342191,5.22796,9.02106,-0.104379,1.94982,-1.74883,-0.119388,9.30512,2.17499,7.61519,-1.41473,7.30887,2.69442,6.08547,3.50541,2.48755,-3.65115,-4.31503,-0.906307,6.96636,3.84328,4.14256,3.08236,8.98079,-4.54132,-0.927808,2.87336,3.13542,-0.251419
gen=9_member=879_pso,6.42609,-4.78433,1.754,2.49437,-3.39574,2.42537,5.80318,-1.39865,7.54457,-1.42744,8.15637,3.96481,0.636635,-3.71049,5.3471,1.00045,1.70581,4.16722,8.45371,-0.122802,-0.562699,2.64007,2.40298,-1.63857,-0.329457,0.16477,6.58844,7.85454,-3.55408,-2.81332,2.11053,7.54674,-3.39307,2.18366,-3.44753,3.18172,7.26587,7.83258,5.8944,6.7209,-0.607548,9.29385,6.97666,-3.68179,1.86789,4.95663,0.2041,1.64857,-4.15859,5.4535
gen=9_member=880_pso,-4.11773,-3.2173,6.16408,4.40415,8.49604,5.92159,5.64465,3.35933,0.823872,-2.11074,4.37551,9.02519,3.78775,5.09435,5.16692,2.53873,0.747079,7.95702,0.2884,-3.63968,4.51924,-4.45943,-3.82505,1.75815,5.39879,9.35846,7.7596,-0.0528783,0.158726,-3.48701,-2.19254,9.49416,-0.805427,2.95624,2.04052,3.98619,4.90058,4.4305,6.11648,0.143288,9.34844,8.85156,4.2798,1.85448,0.873535,-1.12962,6.42171,2.94083,7.25234,-0.899294
gen=9_member=881_pso,2.86299,6.11119,9.62498,0.307312,0.687371,4.37015,-4.20461,1.24032,1.18444,6.35614,1.30813,7.23576,-0.863468,6.90599,4.45962,5.79007,0.701868,0.71511,-1.81265,-0.888471,3.6435,-0.436339,2.45034,-4.42592,6.30489,-1.95516,-0.664861,3.25731,-0.363648,6.59358,4.35109,-1.81391,6.02616,1.07703,5.87164,-1.30778,-0.296744,8.64024,7.10466,-2.53816,1.20666,0.732944,6.2328,-2.77638,0.886021,2.43204,-1.58153,8.87133,4.42565,-4.76967
gen=9_member=882_pso,1.75233,5.80048,-1.2922,9.90518,2.32145,5.8894,3.80824,-3.14072,-0.438065,-1.57869,4.36995,3.87514,9.68727,1.60273,-0.918932,-1.91204,-1.43415,2.54628,3.80183,6.31128,-2.49901,2.36917,9.56608,-1.33606,8.64113,5.85124,6.3544,2.8447,9.36189,-3.12738,-1.77978,-3.17996,-4.80307,-2.5262,9.25595,3.22056,7.63879,-3.34311,7.40018,-2.80132,0.495594,1.73285,4.81624,-2.9138,-4.82649,-2.51764,-3.12154,-3.89431,7.32078,5.57738
gen=9_member=883_pso,1.5262,4.4058,4.65496,-2.89902,8.87924,-0.296522,1.52433,-2.22818,4.25906,3.22449,5.82446,5.02595,-1.88458,-1.0955,-1.26229,4.17002,0.343355,6.09126,3.08839,7.09324,0.0464124,5.3955,0.968557,5.72737,-3.34912,-4.05759,3.18788,1.511,-2.57173,-2.10325,-3.76212,-3.96123,7.47094,7.3958,-0.949156,0.523712,0.486169,1.25357,1.13108,9.17478,-0.302363,4.27284,-1.34718,0.097675,-1.68122,-0.604711,-1.12714,8.32785,2.74475,3.23385
gen=9_member=884_pso,1.63854,1.1644,-1.91738,-0.880327,-0.64646,0.758276,3.31334,-0.576053,6.36947,8.26333,6.39406,5.11556,7.35095,-3.05858,-3.26625,2.46195,-0.543003,3.27524,2.87227,-4.7831,8.37892,6.78534,4.88098,-0.912923,-4.26047,-4.60591,8.99123,1.54645,9.0017,6.67831,4.38379,3.86499,4.69114,-0.737671,1.83146,-2.90445,7.09204,-0.470718,4.07806,3.93738,0.153089,-2.13426,2.53997,3.90052,-3.00305,-1.84123,3.42144,0.434502,6.62871,2.75807
gen=9_member=885_pso,0.358906,1.066,-1.40627,3.77409,7.55126,1.29767,3.11615,2.00132,-0.229787,5.7758,8.8475,4.31569,-2.04325,-1.39686,5.44748,8.87952,5.03696,5.17467,3.52856,4.21049,-1.75387,9.21914,0.633184,-0.694664,4.52507,-4.26628,-2.02681,7.90284,7.02038,8.56976,-1.64929,2.99782,2.40897,5.49661,6.20878,7.1989,5.58621,-3.55155,6.22916,6.18749,3.27618,4.81706,4.52675,-3.26573,-2.93505,6.52537,0.782987,9.72253,1.48283,4.60835
gen=9_member=886_pso,3.35036,2.57427,-0.354525,6.79358,9.3302,3.23196,1.81032,-4.98256,9.77233,-2.98961,-2.49557,3.63981,6.46063,0.451775,-2.69477,-0.00924707,8.19517,4.56508,-1.55725,8.14384,3.38271,7.16693,-4.08424,8.16582,1.87673,1.58503,-2.15311,3.77559,6.19936,0.254457,-2.83764,-0.391762,5.50681,1.94168,5.0993,6.55207,1.82466,-4.44613,1.78518,4.7652,-0.351834,-3.77936,3.55146,3.02518,-4.88806,2.21459,-4.30486,-0.269979,-1.78393,0.170494
gen=9_member=887_pso,7.75902,7.29552,1.06052,-2.64292,8.6656,-0.66348,3.03434,-0.874674,-1.48349,-0.717445,-1.35036,-3.07071,1.05476,1.25398,5.85044,4.31256,-1.72222,4.36283,-1.53879,3.07706,0.165615,2.20292,3.0161,1.19798,-2.49354,7.28919,7.11865,6.24409,-1.30651,2.77627,-0.730367,-3.19248,3.8498,8.30795,4.74094,2.79545,7.94151,9.6716,-3.33349,3.20972,2.87872,9.79474,-2.30934,2.911,9.08028,-2.29617,-0.529778,3.71791,3.36549,7.43914
gen=9_member=888_pso,0.955336,-4.88262,-0.767884,-4.50295,-2.19588,9.08445,8.78013,6.11801,1.97354,-3.686,-3.21987,5.77339,3.15804,3.70656,-3.40392,-3.23682,-0.400706,5.61942,9.76441,0.0367137,1.85178,5.43195,-0.139649,2.36748,7.78092,0.658242,0.689625,-4.73515,0.306507,2.04074,-2.21077,8.51872,0.639055,0.570078,4.5615,6.18718,-1.77464,5.82727,4.62023,-0.873447,7.78579,5.76107,6.64968,-1.95909,2.08645,0.0336296,4.58971,7.94917,0.307228,1.9283
gen=9_member=889_pso,-0.443001,-4.86516,3.45631,6.38651,0.583896,3.282,3.53997,-0.780246,1.32317,-0.305965,1.38828,-0.0703184,2.02027,5.01634,8.80606,-2.52125,-0.107574,5.18494,2.76039,-0.189195,7.49312,0.0831503,6.94608,-1.39745,-4.52034,-2.17035,8.49948,4.12419,-0.822445,8.01344,-3.11361,4.07398,1.30212,4.55519,6.60455,-2.78859,-4.70801,3.89295,9.79252,2.73689,-1.88264,3.35581,-4.05308,5.89183,4.82918,7.07017,-1.33898,3.35056,8.53523,2.76735
gen=9_member=890_pso,1.90212,4.81104,-0.174082,-1.12513,7.43629,3.88133,9.19543,-0.628024,1.15331,0.661738,-0.716328,4.83001,5.0082,0.566338,-2.31666,0.66414,3.42727,-1.03114,-0.249606,-3.7173,3.34358,9.92889,4.75087,8.82102,4.33397,2.79934,6.30633,-0.409958,3.80843,7.16182,1.78475,-4.81741,8.34428,0.987753,3.80466,4.46112,0.856523,-3.41409,-3.51815,8.92334,-1.45022,4.05004,1.34632,8.76285,7.08664,6.06954,8.55657,2.68126,1.38535,0.839142
gen=9_member=891_pso,2.29485,8.81583,-1.95135,-2.6713,2.51697,3.84388,3.78584,-0.767479,5.80074,5.68156,0.344805,-0.330167,4.92584,9.25457,-3.74963,3.58379,3.84386,-1.14962,5.05716,6.70498,-0.981631,2.47134,0.904406,-2.22398,4.935,6.06172,9.09134,-4.05524,-1.00206,-2.81194,-2.72645,4.09344,2.13044,1.86878,1.4885,8.23657,-2.89938,7.85665,4.14915,9.62487,-1.45654,2.36656,-3.83154,-1.51601,4.88732,5.28611,2.61179,3.94784,3.74634,0.902325
gen=9_member=892_pso,7.61954,3.78903,6.13025,4.78451,0.590654,6.71461,3.95461,5.91588,5.16397,4.16678,9.09607,-3.92298,-4.76678,1.96276,-1.58728,4.20474,1.92139,-3.0012,9.76738,1.75368,-3.27291,3.34707,-0.0582227,-2.18367,9.21742,7.53789,4.726,4.66754,0.0878935,4.93428,-1.81076,3.80338,-2.022,-1.5951,7.35701,1.95185,3.50704,-0.365731,-0.716517,3.8525,5.85768,-4.32586,1.63651,2.31392,5.36643,-0.290518,4.98624,0.73196,-3.12757,-1.20765
gen=9_member=893_pso,8.89707,1.29416,3.80139,-4.2454,-0.121507,-3.19801,2.22819,-3.14019,7.52279,7.8009,9.52256,8.57475,0.684182,-4.23639,7.923,-2.46355,5.12372,-3.86769,0.685185,-4.67503,-2.29816,5.08527,-0.656718,-2.33963,3.95975,3.51157,7.69785,7.71454,2.92944,5.57199,-0.415584,1.87934,1.00405,-2.50642,0.146498,4.54583,6.16536,4.60832,0.517475,5.42865,4.27626,-4.03595,2.16311,3.80948,7.99074,-0.72452,-1.05178,-1.95758,-2.32702,5.21631
gen=9_member=894_pso,7.40357,7.08476,4.15111,8.86566,-1.06757,2.32451,-2.70855,1.36177,7.66147,2.10599,3.76163,0.178646,3.01761,4.12279,2.97563,7.42252,5.14671,-4.79144,1.32735,-0.378012,-3.47784,3.42177,7.07742,5.03158,3.62989,-0.563525,-3.9288,-0.967088,6.40424,9.36953,1.43337,2.28157,2.62339,5.41133,2.11333,8.8651,7.07517,7.81513,3.32833,7.903,3.42157,7.02832,4.41543,6.04771,5.38681,-2.21326,-1.78308,3.7449,-1.13155,-4.60262
gen=9_member=895_pso,5.70926,-3.92185,9.03506,3.7484,6.162,5.51294,6.64882,0.590263,-4.82184,-4.95334,9.65992,3.84603,-0.729656,-3.15973,-0.170598,0.864789,9.48092,-4.90982,6.68269,7.78366,1.88702,-4.23449,0.649469,1.54243,-1.05367,-1.01167,-0.227517,5.09076,3.38872,1.92878,0.79657,1.58442,2.73268,4.65083,-1.60815,1.49076,7.18832,0.528296,3.69518,3.71272,3.51595,9.48686,6.66302,4.6184,4.10375,1.80453,2.18577,3.78019,8.40311,0.680013
gen=9_member=896_pso,8.82772,2.05218,8.7459,4.53546,3.04157,-2.26495,2.7997,3.95963,0.946864,5.92188,-0.602611,-3.32131,0.561136,3.64277,7.77568,-2.82574,1.95881,8.97074,-1.77846,4.87234,0.498908,-3.781,-3.41727,7.52824,8.15463,3.85234,-2.60465,4.6818,-4.98144,-1.58199,1.36218,9.68653,-0.411182,1.85261,4.74838,4.01791,7.29012,5.69749,8.21568,6.70766,0.81182,2.9085,2.31472,-0.316154,2.212,-4.07182,3.97985,2.44588,2.81112,0.648749
gen=9_member=897_pso,4.16177,5.25927,-1.06512,7.76641,-3.81313,9.15557,8.47318,-1.50421,6.6419,-3.56318,1.89732,6.43774,1.6972,2.41968,9.37737,1.41478,2.04921,-2.50672,2.25056,3.31794,3.0835,6.51406,-0.135726,6.44031,1.84265,-1.11474,0.708948,-0.708319,-2.80384,8.25502,5.79455,5.69201,7.31034,6.39529,3.537,-2.13374,0.520497,3.83024,0.762505,6.84241,4.17794,-4.91391,4.02627,0.561366,8.2576,3.48217,2.08515,1.39056,-2.06976,5.73779
gen=9_member=898_pso,-1.92766,3.97694,5.21859,3.06448,6.81532,-0.849081,-0.85129,5.08285,5.04134,0.72625,6.58294,7.60996,1.45498,9.8918,3.03205,7.81247,6.64935,6.01321,8.12942,-3.37413,2.97008,-4.60246,4.23,5.57044,-0.768135,-4.11685,6.84032,0.240872,5.78167,1.11787,-0.773352,6.05921,2.3751,-3.49012,-2.79703,0.772008,1.33616,-2.93695,-2.07119,1.08358,5.83294,2.47811,-2.83135,4.36594,5.97168,-0.249056,-3.55875,-2.55279,-0.611842,7.93435
gen=9_member=899_pso,4.08702,-1.55588,6.32108,-1.20974,3.64546,1.86903,5.99375,2.59072,3.86592,0.557534,4.98853,1.23019,3.19507,0.681227,4.2053,0.170054,4.42707,-2.88961,1.39751,3.91319,2.71231,0.143138,-3.60307,3.95814,1.76352,1.61363,3.9769,9.46821,-3.09654,7.42654,-4.56444,-4.51283,9.8461,-3.47059,0.840335,3.93756,3.06106,5.18058,0.18068,3.75758,1.95578,3.28824,-2.82911,7.79614,3.35176,-1.43848,-3.34212,7.52926,2.39362,-3.05974
