obsnme,obsval,weight,obgnme
gage_1_20151231,1206.1,1.0,gage
gage_1_20160131,1622.8,1.0,gage
gage_1_20160229,1927.7,1.0,gage
gage_1_20160331,2059.4,1.0,gage
gage_1_20160430,1981.7,1.0,gage
gage_1_20160531,1692.1,1.0,gage
gage_1_20160630,1290.5,1.0,gage
gage_1_20160731,871.34,1.0,gage
gage_1_20160831,553.24,1.0,gage
gage_1_20160930,407.05,1.0,gage
gage_1_20161031,463.59,1.0,gage
gage_1_20161130,722.61,1.0,gage
gage_1_20161231,1127.7,1.0,gage
gage_1_20170131,1551.2,1.0,gage
gage_1_20170228,1847.0,1.0,gage
gage_1_20170331,1965.3,1.0,gage
gage_1_20170430,1857.4,1.0,gage
gage_1_20170531,1547.1,1.0,gage
gage_1_20170630,1141.3,1.0,gage
gage_1_20170731,744.48,1.0,gage
gage_1_20170831,478.81,1.0,gage
gage_1_20170930,427.45,1.0,gage
gage_1_20171031,580.64,1.0,gage
gage_1_20171130,916.94,1.0,gage
gage_1_20171231,1345.3,1.0,gage
headwater_20151231,-644.22,1.0,headwater
headwater_20160131,-860.19,1.0,headwater
headwater_20160229,-1029.5,1.0,headwater
headwater_20160331,-1110.9,1.0,headwater
headwater_20160430,-1082.0,1.0,headwater
headwater_20160531,-935.95,1.0,headwater
headwater_20160630,-723.75,1.0,headwater
headwater_20160731,-493.01,1.0,headwater
headwater_20160831,-308.44,1.0,headwater
headwater_20160930,-211.49,1.0,headwater
headwater_20161031,-226.81,1.0,headwater
headwater_20161130,-356.96,1.0,headwater
headwater_20161231,-573.5,1.0,headwater
headwater_20170131,-808.19,1.0,headwater
headwater_20170228,-979.22,1.0,headwater
headwater_20170331,-1059.6,1.0,headwater
headwater_20170430,-1016.3,1.0,headwater
headwater_20170531,-857.63,1.0,headwater
headwater_20170630,-638.64,1.0,headwater
headwater_20170731,-414.48,1.0,headwater
headwater_20170831,-254.86,1.0,headwater
headwater_20170930,-211.29,1.0,headwater
headwater_20171031,-281.71,1.0,headwater
headwater_20171130,-457.8,1.0,headwater
headwater_20171231,-691.75,1.0,headwater
in_ghb_flx_20151231,0.0,1.0,in_ghb
in_ghb_flx_20160131,0.0,1.0,in_ghb
in_ghb_flx_20160229,0.0,1.0,in_ghb
in_ghb_flx_20160331,0.0,1.0,in_ghb
in_ghb_flx_20160430,0.0,1.0,in_ghb
in_ghb_flx_20160531,0.0,1.0,in_ghb
in_ghb_flx_20160630,0.0,1.0,in_ghb
in_ghb_flx_20160731,0.0,1.0,in_ghb
in_ghb_flx_20160831,0.0,1.0,in_ghb
in_ghb_flx_20160930,0.0,1.0,in_ghb
in_ghb_flx_20161031,0.0,1.0,in_ghb
in_ghb_flx_20161130,0.0,1.0,in_ghb
in_ghb_flx_20161231,0.0,1.0,in_ghb
in_ghb_flx_20170131,0.0,1.0,in_ghb
in_ghb_flx_20170228,0.0,1.0,in_ghb
in_ghb_flx_20170331,0.0,1.0,in_ghb
in_ghb_flx_20170430,0.0,1.0,in_ghb
in_ghb_flx_20170531,0.0,1.0,in_ghb
in_ghb_flx_20170630,0.0,1.0,in_ghb
in_ghb_flx_20170731,0.0,1.0,in_ghb
in_ghb_flx_20170831,0.0,1.0,in_ghb
in_ghb_flx_20170930,0.0,1.0,in_ghb
in_ghb_flx_20171031,0.0,1.0,in_ghb
in_ghb_flx_20171130,0.0,1.0,in_ghb
in_ghb_flx_20171231,0.0,1.0,in_ghb
in_rch_flx_20151231,2592.4320000000002,1.0,in_rch
in_rch_flx_20160131,4010.3787,1.0,in_rch
in_rch_flx_20160229,4277.0102,1.0,in_rch
in_rch_flx_20160331,4053.1579,1.0,in_rch
in_rch_flx_20160430,3403.9984,1.0,in_rch
in_rch_flx_20160531,2518.5429,1.0,in_rch
in_rch_flx_20160630,1654.601,1.0,in_rch
in_rch_flx_20160731,1063.7187,1.0,in_rch
in_rch_flx_20160831,917.939,1.0,in_rch
in_rch_flx_20160930,1259.7061,1.0,in_rch
in_rch_flx_20161031,1989.5115,1.0,in_rch
in_rch_flx_20161130,2894.8643,1.0,in_rch
in_rch_flx_20161231,3712.1599,1.0,in_rch
in_rch_flx_20170131,4203.4344,1.0,in_rch
in_rch_flx_20170228,4225.6478,1.0,in_rch
in_rch_flx_20170331,3772.3314,1.0,in_rch
in_rch_flx_20170430,2975.4749,1.0,in_rch
in_rch_flx_20170531,2067.0908,1.0,in_rch
in_rch_flx_20170630,1311.6655,1.0,in_rch
in_rch_flx_20170731,929.1498,1.0,in_rch
in_rch_flx_20170831,1030.9175,1.0,in_rch
in_rch_flx_20170930,1587.3373,1.0,in_rch
in_rch_flx_20171031,2436.402,1.0,in_rch
in_rch_flx_20171130,3330.8961,1.0,in_rch
in_rch_flx_20171231,4010.3787,1.0,in_rch
in_sfr_flx_20151231,0.0,1.0,in_sfr
in_sfr_flx_20160131,0.0,1.0,in_sfr
in_sfr_flx_20160229,0.0,1.0,in_sfr
in_sfr_flx_20160331,0.0,1.0,in_sfr
in_sfr_flx_20160430,0.0,1.0,in_sfr
in_sfr_flx_20160531,0.0,1.0,in_sfr
in_sfr_flx_20160630,0.0,1.0,in_sfr
in_sfr_flx_20160731,0.0,1.0,in_sfr
in_sfr_flx_20160831,0.0,1.0,in_sfr
in_sfr_flx_20160930,0.0,1.0,in_sfr
in_sfr_flx_20161031,0.0,1.0,in_sfr
in_sfr_flx_20161130,0.0,1.0,in_sfr
in_sfr_flx_20161231,0.0,1.0,in_sfr
in_sfr_flx_20170131,0.0,1.0,in_sfr
in_sfr_flx_20170228,0.0,1.0,in_sfr
in_sfr_flx_20170331,0.0,1.0,in_sfr
in_sfr_flx_20170430,0.0,1.0,in_sfr
in_sfr_flx_20170531,0.0,1.0,in_sfr
in_sfr_flx_20170630,0.0,1.0,in_sfr
in_sfr_flx_20170731,0.0,1.0,in_sfr
in_sfr_flx_20170831,0.0,1.0,in_sfr
in_sfr_flx_20170930,0.0,1.0,in_sfr
in_sfr_flx_20171031,0.0,1.0,in_sfr
in_sfr_flx_20171130,0.0,1.0,in_sfr
in_sfr_flx_20171231,0.0,1.0,in_sfr
in_ss_flx_20151231,0.0,1.0,in_ss
in_ss_flx_20160131,0.0,1.0,in_ss
in_ss_flx_20160229,0.0,1.0,in_ss
in_ss_flx_20160331,0.0,1.0,in_ss
in_ss_flx_20160430,1.2331,1.0,in_ss
in_ss_flx_20160531,6.4314,1.0,in_ss
in_ss_flx_20160630,10.5835,1.0,in_ss
in_ss_flx_20160731,11.7182,1.0,in_ss
in_ss_flx_20160831,9.872,1.0,in_ss
in_ss_flx_20160930,5.8353,1.0,in_ss
in_ss_flx_20161031,0.7137,1.0,in_ss
in_ss_flx_20161130,0.0,1.0,in_ss
in_ss_flx_20161231,0.0,1.0,in_ss
in_ss_flx_20170131,0.0,1.0,in_ss
in_ss_flx_20170228,0.0,1.0,in_ss
in_ss_flx_20170331,0.0,1.0,in_ss
in_ss_flx_20170430,1.6427,1.0,in_ss
in_ss_flx_20170531,7.1292,1.0,in_ss
in_ss_flx_20170630,10.8103,1.0,in_ss
in_ss_flx_20170731,11.2574,1.0,in_ss
in_ss_flx_20170831,8.389,1.0,in_ss
in_ss_flx_20170930,3.1697,1.0,in_ss
in_ss_flx_20171031,0.034745,1.0,in_ss
in_ss_flx_20171130,0.0,1.0,in_ss
in_ss_flx_20171231,0.0,1.0,in_ss
in_sy_flx_20151231,0.0,1.0,in_sy
in_sy_flx_20160131,0.0,1.0,in_sy
in_sy_flx_20160229,0.0,1.0,in_sy
in_sy_flx_20160331,0.0,1.0,in_sy
in_sy_flx_20160430,182.94,1.0,in_sy
in_sy_flx_20160531,985.9429,1.0,in_sy
in_sy_flx_20160630,1640.2262,1.0,in_sy
in_sy_flx_20160731,1831.7433,1.0,in_sy
in_sy_flx_20160831,1555.9164,1.0,in_sy
in_sy_flx_20160930,928.7075,1.0,in_sy
in_sy_flx_20161031,120.3477,1.0,in_sy
in_sy_flx_20161130,0.0,1.0,in_sy
in_sy_flx_20161231,0.0,1.0,in_sy
in_sy_flx_20170131,0.0,1.0,in_sy
in_sy_flx_20170228,0.0,1.0,in_sy
in_sy_flx_20170331,0.0,1.0,in_sy
in_sy_flx_20170430,246.1237,1.0,in_sy
in_sy_flx_20170531,1096.5648,1.0,in_sy
in_sy_flx_20170630,1678.1023,1.0,in_sy
in_sy_flx_20170731,1760.98,1.0,in_sy
in_sy_flx_20170831,1323.4826,1.0,in_sy
in_sy_flx_20170930,509.9657,1.0,in_sy
in_sy_flx_20171031,6.1587,1.0,in_sy
in_sy_flx_20171130,0.0,1.0,in_sy
in_sy_flx_20171231,0.0,1.0,in_sy
in_wel_flx_20151231,0.0,1.0,in_wel
in_wel_flx_20160131,0.0,1.0,in_wel
in_wel_flx_20160229,0.0,1.0,in_wel
in_wel_flx_20160331,0.0,1.0,in_wel
in_wel_flx_20160430,0.0,1.0,in_wel
in_wel_flx_20160531,0.0,1.0,in_wel
in_wel_flx_20160630,0.0,1.0,in_wel
in_wel_flx_20160731,0.0,1.0,in_wel
in_wel_flx_20160831,0.0,1.0,in_wel
in_wel_flx_20160930,0.0,1.0,in_wel
in_wel_flx_20161031,0.0,1.0,in_wel
in_wel_flx_20161130,0.0,1.0,in_wel
in_wel_flx_20161231,0.0,1.0,in_wel
in_wel_flx_20170131,0.0,1.0,in_wel
in_wel_flx_20170228,0.0,1.0,in_wel
in_wel_flx_20170331,0.0,1.0,in_wel
in_wel_flx_20170430,0.0,1.0,in_wel
in_wel_flx_20170531,0.0,1.0,in_wel
in_wel_flx_20170630,0.0,1.0,in_wel
in_wel_flx_20170731,0.0,1.0,in_wel
in_wel_flx_20170831,0.0,1.0,in_wel
in_wel_flx_20170930,0.0,1.0,in_wel
in_wel_flx_20171031,0.0,1.0,in_wel
in_wel_flx_20171130,0.0,1.0,in_wel
in_wel_flx_20171231,0.0,1.0,in_wel
out_ghb_flx_20151231,435.3062,1.0,out_ghb
out_ghb_flx_20160131,548.6001,1.0,out_ghb
out_ghb_flx_20160229,632.9828,1.0,out_ghb
out_ghb_flx_20160331,671.7239,1.0,out_ghb
out_ghb_flx_20160430,647.8954,1.0,out_ghb
out_ghb_flx_20160531,567.1513,1.0,out_ghb
out_ghb_flx_20160630,454.1132,1.0,out_ghb
out_ghb_flx_20160731,335.5974,1.0,out_ghb
out_ghb_flx_20160831,245.3794,1.0,out_ghb
out_ghb_flx_20160930,204.2003,1.0,out_ghb
out_ghb_flx_20161031,223.7494,1.0,out_ghb
out_ghb_flx_20161130,300.3248,1.0,out_ghb
out_ghb_flx_20161231,414.8356,1.0,out_ghb
out_ghb_flx_20170131,532.1604,1.0,out_ghb
out_ghb_flx_20170228,612.7968,1.0,out_ghb
out_ghb_flx_20170331,645.8743,1.0,out_ghb
out_ghb_flx_20170430,615.0615,1.0,out_ghb
out_ghb_flx_20170531,528.3333,1.0,out_ghb
out_ghb_flx_20170630,415.1084,1.0,out_ghb
out_ghb_flx_20170731,302.6855,1.0,out_ghb
out_ghb_flx_20170831,227.8022,1.0,out_ghb
out_ghb_flx_20170930,212.3778,1.0,out_ghb
out_ghb_flx_20171031,260.9438,1.0,out_ghb
out_ghb_flx_20171130,356.875,1.0,out_ghb
out_ghb_flx_20171231,476.403,1.0,out_ghb
out_rch_flx_20151231,0.0,1.0,out_rch
out_rch_flx_20160131,0.0,1.0,out_rch
out_rch_flx_20160229,0.0,1.0,out_rch
out_rch_flx_20160331,0.0,1.0,out_rch
out_rch_flx_20160430,0.0,1.0,out_rch
out_rch_flx_20160531,0.0,1.0,out_rch
out_rch_flx_20160630,0.0,1.0,out_rch
out_rch_flx_20160731,0.0,1.0,out_rch
out_rch_flx_20160831,0.0,1.0,out_rch
out_rch_flx_20160930,0.0,1.0,out_rch
out_rch_flx_20161031,0.0,1.0,out_rch
out_rch_flx_20161130,0.0,1.0,out_rch
out_rch_flx_20161231,0.0,1.0,out_rch
out_rch_flx_20170131,0.0,1.0,out_rch
out_rch_flx_20170228,0.0,1.0,out_rch
out_rch_flx_20170331,0.0,1.0,out_rch
out_rch_flx_20170430,0.0,1.0,out_rch
out_rch_flx_20170531,0.0,1.0,out_rch
out_rch_flx_20170630,0.0,1.0,out_rch
out_rch_flx_20170731,0.0,1.0,out_rch
out_rch_flx_20170831,0.0,1.0,out_rch
out_rch_flx_20170930,0.0,1.0,out_rch
out_rch_flx_20171031,0.0,1.0,out_rch
out_rch_flx_20171130,0.0,1.0,out_rch
out_rch_flx_20171231,0.0,1.0,out_rch
out_sfr_flx_20151231,1121.6742,1.0,out_sfr
out_sfr_flx_20160131,1503.5288,1.0,out_sfr
out_sfr_flx_20160229,1796.9334,1.0,out_sfr
out_sfr_flx_20160331,1942.8638,1.0,out_sfr
out_sfr_flx_20160430,1874.9752,1.0,out_sfr
out_sfr_flx_20160531,1609.7696,1.0,out_sfr
out_sfr_flx_20160630,1230.0469,1.0,out_sfr
out_sfr_flx_20160731,825.8832,1.0,out_sfr
out_sfr_flx_20160831,511.3965,1.0,out_sfr
out_sfr_flx_20160930,353.4655,1.0,out_sfr
out_sfr_flx_20161031,395.8543,1.0,out_sfr
out_sfr_flx_20161130,634.5116,1.0,out_sfr
out_sfr_flx_20161231,1016.1482,1.0,out_sfr
out_sfr_flx_20170131,1424.4825,1.0,out_sfr
out_sfr_flx_20170228,1717.2745,1.0,out_sfr
out_sfr_flx_20170331,1852.6791,1.0,out_sfr
out_sfr_flx_20170430,1765.2744,1.0,out_sfr
out_sfr_flx_20170531,1477.9560000000001,1.0,out_sfr
out_sfr_flx_20170630,1091.8904,1.0,out_sfr
out_sfr_flx_20170731,701.6261,1.0,out_sfr
out_sfr_flx_20170831,434.6473,1.0,out_sfr
out_sfr_flx_20170930,361.7685,1.0,out_sfr
out_sfr_flx_20171031,504.1182,1.0,out_sfr
out_sfr_flx_20171130,815.9341,1.0,out_sfr
out_sfr_flx_20171231,1224.9431,1.0,out_sfr
out_ss_flx_20151231,0.0,1.0,out_ss
out_ss_flx_20160131,10.0857,1.0,out_ss
out_ss_flx_20160229,9.0911,1.0,out_ss
out_ss_flx_20160331,5.0222,1.0,out_ss
out_ss_flx_20160430,0.5207,1.0,out_ss
out_ss_flx_20160531,0.0,1.0,out_ss
out_ss_flx_20160630,0.0,1.0,out_ss
out_ss_flx_20160731,0.0,1.0,out_ss
out_ss_flx_20160831,0.0,1.0,out_ss
out_ss_flx_20160930,0.0,1.0,out_ss
out_ss_flx_20161031,0.7458,1.0,out_ss
out_ss_flx_20161130,5.9765,1.0,out_ss
out_ss_flx_20161231,10.1863,1.0,out_ss
out_ss_flx_20170131,11.4857,1.0,out_ss
out_ss_flx_20170228,9.6543,1.0,out_ss
out_ss_flx_20170331,4.8019,1.0,out_ss
out_ss_flx_20170430,0.3049,1.0,out_ss
out_ss_flx_20170531,0.0,1.0,out_ss
out_ss_flx_20170630,0.0,1.0,out_ss
out_ss_flx_20170731,0.0,1.0,out_ss
out_ss_flx_20170831,0.0,1.0,out_ss
out_ss_flx_20170930,0.0,1.0,out_ss
out_ss_flx_20171031,3.0306,1.0,out_ss
out_ss_flx_20171130,8.3682,1.0,out_ss
out_ss_flx_20171231,11.2471,1.0,out_ss
out_sy_flx_20151231,0.0,1.0,out_sy
out_sy_flx_20160131,1560.7307,1.0,out_sy
out_sy_flx_20160229,1417.2489,1.0,out_sy
out_sy_flx_20160331,789.885,1.0,out_sy
out_sy_flx_20160430,86.5727,1.0,out_sy
out_sy_flx_20160531,0.0,1.0,out_sy
out_sy_flx_20160630,0.0,1.0,out_sy
out_sy_flx_20160731,0.0,1.0,out_sy
out_sy_flx_20160831,0.0,1.0,out_sy
out_sy_flx_20160930,0.0,1.0,out_sy
out_sy_flx_20161031,111.7474,1.0,out_sy
out_sy_flx_20161130,926.0603,1.0,out_sy
out_sy_flx_20161231,1588.1805,1.0,out_sy
out_sy_flx_20170131,1791.9505,1.0,out_sy
out_sy_flx_20170228,1507.1014,1.0,out_sy
out_sy_flx_20170331,755.7622,1.0,out_sy
out_sy_flx_20170430,51.2456,1.0,out_sy
out_sy_flx_20170531,0.0,1.0,out_sy
out_sy_flx_20170630,0.0,1.0,out_sy
out_sy_flx_20170731,0.0,1.0,out_sy
out_sy_flx_20170831,0.0,1.0,out_sy
out_sy_flx_20170930,0.0,1.0,out_sy
out_sy_flx_20171031,464.4737,1.0,out_sy
out_sy_flx_20171130,1303.0911,1.0,out_sy
out_sy_flx_20171231,1754.9955,1.0,out_sy
out_wel_flx_20151231,1050.0,1.0,out_wel
out_wel_flx_20160131,376.329,1.0,out_wel
out_wel_flx_20160229,417.5474,1.0,out_wel
out_wel_flx_20160331,642.9115,1.0,out_wel
out_wel_flx_20160430,986.8039,1.0,out_wel
out_wel_flx_20160531,1349.0965,1.0,out_wel
out_wel_flx_20160630,1624.3041,1.0,out_wel
out_wel_flx_20160731,1749.6192,1.0,out_wel
out_wel_flx_20160831,1732.2964,1.0,out_wel
out_wel_flx_20160930,1641.6304,1.0,out_wel
out_wel_flx_20161031,1378.7048,1.0,out_wel
out_wel_flx_20161130,1020.0731,1.0,out_wel
out_wel_flx_20161231,670.1548,1.0,out_wel
out_wel_flx_20170131,430.8328,1.0,out_wel
out_wel_flx_20170228,371.7883,1.0,out_wel
out_wel_flx_20170331,510.2126,1.0,out_wel
out_wel_flx_20170430,805.8021,1.0,out_wel
out_wel_flx_20170531,1172.4926,1.0,out_wel
out_wel_flx_20170630,1503.5179,1.0,out_wel
out_wel_flx_20170731,1702.4964,1.0,out_wel
out_wel_flx_20170831,1711.4934,1.0,out_wel
out_wel_flx_20170930,1527.889,1.0,out_wel
out_wel_flx_20171031,1205.1421,1.0,out_wel
out_wel_flx_20171130,837.2237,1.0,out_wel
out_wel_flx_20171231,531.2575,1.0,out_wel
tailwater_20151231,-478.38,1.0,tailwater
tailwater_20160131,-628.99,1.0,tailwater
tailwater_20160229,-758.24,1.0,tailwater
tailwater_20160331,-818.81,1.0,tailwater
tailwater_20160430,-794.21,1.0,tailwater
tailwater_20160531,-681.19,1.0,tailwater
tailwater_20160630,-520.27,1.0,tailwater
tailwater_20160731,-349.64,1.0,tailwater
tailwater_20160831,-218.11,1.0,tailwater
tailwater_20160930,-154.12,1.0,tailwater
tailwater_20161031,-167.74,1.0,tailwater
tailwater_20161130,-264.61,1.0,tailwater
tailwater_20161231,-426.47,1.0,tailwater
tailwater_20170131,-601.47,1.0,tailwater
tailwater_20170228,-729.1,1.0,tailwater
tailwater_20170331,-785.87,1.0,tailwater
tailwater_20170430,-750.7,1.0,tailwater
tailwater_20170531,-630.33,1.0,tailwater
tailwater_20170630,-467.83,1.0,tailwater
tailwater_20170731,-305.31,1.0,tailwater
tailwater_20170831,-192.31,1.0,tailwater
tailwater_20170930,-162.42,1.0,tailwater
tailwater_20171031,-214.05,1.0,tailwater
tailwater_20171130,-343.65,1.0,tailwater
tailwater_20171231,-517.0,1.0,tailwater
trgw_0_13_10_20151231,34.263000000000005,1.0,trgw_0_13_10
trgw_0_13_10_20160131,34.386,1.0,trgw_0_13_10
trgw_0_13_10_20160229,34.486999999999995,1.0,trgw_0_13_10
trgw_0_13_10_20160331,34.542,1.0,trgw_0_13_10
trgw_0_13_10_20160430,34.527,1.0,trgw_0_13_10
trgw_0_13_10_20160531,34.445,1.0,trgw_0_13_10
trgw_0_13_10_20160630,34.319,1.0,trgw_0_13_10
trgw_0_13_10_20160731,34.179,1.0,trgw_0_13_10
trgw_0_13_10_20160831,34.065,1.0,trgw_0_13_10
trgw_0_13_10_20160930,34.003,1.0,trgw_0_13_10
trgw_0_13_10_20161031,34.011,1.0,trgw_0_13_10
trgw_0_13_10_20161130,34.087,1.0,trgw_0_13_10
trgw_0_13_10_20161231,34.214,1.0,trgw_0_13_10
trgw_0_13_10_20170131,34.353,1.0,trgw_0_13_10
trgw_0_13_10_20170228,34.455,1.0,trgw_0_13_10
trgw_0_13_10_20170331,34.508,1.0,trgw_0_13_10
trgw_0_13_10_20170430,34.486,1.0,trgw_0_13_10
trgw_0_13_10_20170531,34.396,1.0,trgw_0_13_10
trgw_0_13_10_20170630,34.267,1.0,trgw_0_13_10
trgw_0_13_10_20170731,34.132,1.0,trgw_0_13_10
trgw_0_13_10_20170831,34.034,1.0,trgw_0_13_10
trgw_0_13_10_20170930,34.001,1.0,trgw_0_13_10
trgw_0_13_10_20171031,34.043,1.0,trgw_0_13_10
trgw_0_13_10_20171130,34.146,1.0,trgw_0_13_10
trgw_0_13_10_20171231,34.284,1.0,trgw_0_13_10
trgw_0_15_16_20151231,34.142,1.0,trgw_0_15_16
trgw_0_15_16_20160131,34.25,1.0,trgw_0_15_16
trgw_0_15_16_20160229,34.336,1.0,trgw_0_15_16
trgw_0_15_16_20160331,34.378,1.0,trgw_0_15_16
trgw_0_15_16_20160430,34.36,1.0,trgw_0_15_16
trgw_0_15_16_20160531,34.284,1.0,trgw_0_15_16
trgw_0_15_16_20160630,34.175,1.0,trgw_0_15_16
trgw_0_15_16_20160731,34.056,1.0,trgw_0_15_16
trgw_0_15_16_20160831,33.962,1.0,trgw_0_15_16
trgw_0_15_16_20160930,33.914,1.0,trgw_0_15_16
trgw_0_15_16_20161031,33.926,1.0,trgw_0_15_16
trgw_0_15_16_20161130,33.997,1.0,trgw_0_15_16
trgw_0_15_16_20161231,34.109,1.0,trgw_0_15_16
trgw_0_15_16_20170131,34.228,1.0,trgw_0_15_16
trgw_0_15_16_20170228,34.313,1.0,trgw_0_15_16
trgw_0_15_16_20170331,34.353,1.0,trgw_0_15_16
trgw_0_15_16_20170430,34.329,1.0,trgw_0_15_16
trgw_0_15_16_20170531,34.247,1.0,trgw_0_15_16
trgw_0_15_16_20170630,34.135,1.0,trgw_0_15_16
trgw_0_15_16_20170731,34.02,1.0,trgw_0_15_16
trgw_0_15_16_20170831,33.939,1.0,trgw_0_15_16
trgw_0_15_16_20170930,33.917,1.0,trgw_0_15_16
trgw_0_15_16_20171031,33.959,1.0,trgw_0_15_16
trgw_0_15_16_20171130,34.051,1.0,trgw_0_15_16
trgw_0_15_16_20171231,34.17,1.0,trgw_0_15_16
trgw_0_21_10_20151231,34.15,1.0,trgw_0_21_10
trgw_0_21_10_20160131,34.276,1.0,trgw_0_21_10
trgw_0_21_10_20160229,34.381,1.0,trgw_0_21_10
trgw_0_21_10_20160331,34.438,1.0,trgw_0_21_10
trgw_0_21_10_20160430,34.422,1.0,trgw_0_21_10
trgw_0_21_10_20160531,34.334,1.0,trgw_0_21_10
trgw_0_21_10_20160630,34.203,1.0,trgw_0_21_10
trgw_0_21_10_20160731,34.056999999999995,1.0,trgw_0_21_10
trgw_0_21_10_20160831,33.939,1.0,trgw_0_21_10
trgw_0_21_10_20160930,33.875,1.0,trgw_0_21_10
trgw_0_21_10_20161031,33.883,1.0,trgw_0_21_10
trgw_0_21_10_20161130,33.963,1.0,trgw_0_21_10
trgw_0_21_10_20161231,34.096,1.0,trgw_0_21_10
trgw_0_21_10_20170131,34.242,1.0,trgw_0_21_10
trgw_0_21_10_20170228,34.35,1.0,trgw_0_21_10
trgw_0_21_10_20170331,34.405,1.0,trgw_0_21_10
trgw_0_21_10_20170430,34.383,1.0,trgw_0_21_10
trgw_0_21_10_20170531,34.289,1.0,trgw_0_21_10
trgw_0_21_10_20170630,34.155,1.0,trgw_0_21_10
trgw_0_21_10_20170731,34.013000000000005,1.0,trgw_0_21_10
trgw_0_21_10_20170831,33.91,1.0,trgw_0_21_10
trgw_0_21_10_20170930,33.876999999999995,1.0,trgw_0_21_10
trgw_0_21_10_20171031,33.92,1.0,trgw_0_21_10
trgw_0_21_10_20171130,34.027,1.0,trgw_0_21_10
trgw_0_21_10_20171231,34.171,1.0,trgw_0_21_10
trgw_0_22_15_20151231,33.992,1.0,trgw_0_22_15
trgw_0_22_15_20160131,34.087,1.0,trgw_0_22_15
trgw_0_22_15_20160229,34.157,1.0,trgw_0_22_15
trgw_0_22_15_20160331,34.191,1.0,trgw_0_22_15
trgw_0_22_15_20160430,34.173,1.0,trgw_0_22_15
trgw_0_22_15_20160531,34.107,1.0,trgw_0_22_15
trgw_0_22_15_20160630,34.014,1.0,trgw_0_22_15
trgw_0_22_15_20160731,33.914,1.0,trgw_0_22_15
trgw_0_22_15_20160831,33.835,1.0,trgw_0_22_15
trgw_0_22_15_20160930,33.796,1.0,trgw_0_22_15
trgw_0_22_15_20161031,33.809,1.0,trgw_0_22_15
trgw_0_22_15_20161130,33.871,1.0,trgw_0_22_15
trgw_0_22_15_20161231,33.968,1.0,trgw_0_22_15
trgw_0_22_15_20170131,34.068000000000005,1.0,trgw_0_22_15
trgw_0_22_15_20170228,34.14,1.0,trgw_0_22_15
trgw_0_22_15_20170331,34.172,1.0,trgw_0_22_15
trgw_0_22_15_20170430,34.15,1.0,trgw_0_22_15
trgw_0_22_15_20170531,34.079,1.0,trgw_0_22_15
trgw_0_22_15_20170630,33.983000000000004,1.0,trgw_0_22_15
trgw_0_22_15_20170731,33.886,1.0,trgw_0_22_15
trgw_0_22_15_20170831,33.818000000000005,1.0,trgw_0_22_15
trgw_0_22_15_20170930,33.801,1.0,trgw_0_22_15
trgw_0_22_15_20171031,33.838,1.0,trgw_0_22_15
trgw_0_22_15_20171130,33.918,1.0,trgw_0_22_15
trgw_0_22_15_20171231,34.02,1.0,trgw_0_22_15
trgw_0_24_4_20151231,34.317,1.0,trgw_0_24_4
trgw_0_24_4_20160131,34.442,1.0,trgw_0_24_4
trgw_0_24_4_20160229,34.559,1.0,trgw_0_24_4
trgw_0_24_4_20160331,34.637,1.0,trgw_0_24_4
trgw_0_24_4_20160430,34.64,1.0,trgw_0_24_4
trgw_0_24_4_20160531,34.563,1.0,trgw_0_24_4
trgw_0_24_4_20160630,34.429,1.0,trgw_0_24_4
trgw_0_24_4_20160731,34.267,1.0,trgw_0_24_4
trgw_0_24_4_20160831,34.123000000000005,1.0,trgw_0_24_4
trgw_0_24_4_20160930,34.035,1.0,trgw_0_24_4
trgw_0_24_4_20161031,34.021,1.0,trgw_0_24_4
trgw_0_24_4_20161130,34.088,1.0,trgw_0_24_4
trgw_0_24_4_20161231,34.221,1.0,trgw_0_24_4
trgw_0_24_4_20170131,34.379,1.0,trgw_0_24_4
trgw_0_24_4_20170228,34.505,1.0,trgw_0_24_4
trgw_0_24_4_20170331,34.583,1.0,trgw_0_24_4
trgw_0_24_4_20170430,34.58,1.0,trgw_0_24_4
trgw_0_24_4_20170531,34.495,1.0,trgw_0_24_4
trgw_0_24_4_20170630,34.357,1.0,trgw_0_24_4
trgw_0_24_4_20170731,34.202,1.0,trgw_0_24_4
trgw_0_24_4_20170831,34.077,1.0,trgw_0_24_4
trgw_0_24_4_20170930,34.023,1.0,trgw_0_24_4
trgw_0_24_4_20171031,34.05,1.0,trgw_0_24_4
trgw_0_24_4_20171130,34.15,1.0,trgw_0_24_4
trgw_0_24_4_20171231,34.301,1.0,trgw_0_24_4
trgw_0_26_6_20151231,34.177,1.0,trgw_0_26_6
trgw_0_26_6_20160131,34.317,1.0,trgw_0_26_6
trgw_0_26_6_20160229,34.431999999999995,1.0,trgw_0_26_6
trgw_0_26_6_20160331,34.497,1.0,trgw_0_26_6
trgw_0_26_6_20160430,34.483000000000004,1.0,trgw_0_26_6
trgw_0_26_6_20160531,34.391,1.0,trgw_0_26_6
trgw_0_26_6_20160630,34.249,1.0,trgw_0_26_6
trgw_0_26_6_20160731,34.088,1.0,trgw_0_26_6
trgw_0_26_6_20160831,33.955,1.0,trgw_0_26_6
trgw_0_26_6_20160930,33.879,1.0,trgw_0_26_6
trgw_0_26_6_20161031,33.881,1.0,trgw_0_26_6
trgw_0_26_6_20161130,33.963,1.0,trgw_0_26_6
trgw_0_26_6_20161231,34.107,1.0,trgw_0_26_6
trgw_0_26_6_20170131,34.268,1.0,trgw_0_26_6
trgw_0_26_6_20170228,34.389,1.0,trgw_0_26_6
trgw_0_26_6_20170331,34.456,1.0,trgw_0_26_6
trgw_0_26_6_20170430,34.437,1.0,trgw_0_26_6
trgw_0_26_6_20170531,34.338,1.0,trgw_0_26_6
trgw_0_26_6_20170630,34.192,1.0,trgw_0_26_6
trgw_0_26_6_20170731,34.035,1.0,trgw_0_26_6
trgw_0_26_6_20170831,33.918,1.0,trgw_0_26_6
trgw_0_26_6_20170930,33.876,1.0,trgw_0_26_6
trgw_0_26_6_20171031,33.919000000000004,1.0,trgw_0_26_6
trgw_0_26_6_20171130,34.032,1.0,trgw_0_26_6
trgw_0_26_6_20171231,34.19,1.0,trgw_0_26_6
trgw_0_29_15_20151231,33.91,1.0,trgw_0_29_15
trgw_0_29_15_20160131,33.992,1.0,trgw_0_29_15
trgw_0_29_15_20160229,34.058,1.0,trgw_0_29_15
trgw_0_29_15_20160331,34.09,1.0,trgw_0_29_15
trgw_0_29_15_20160430,34.076,1.0,trgw_0_29_15
trgw_0_29_15_20160531,34.017,1.0,trgw_0_29_15
trgw_0_29_15_20160630,33.931999999999995,1.0,trgw_0_29_15
trgw_0_29_15_20160731,33.84,1.0,trgw_0_29_15
trgw_0_29_15_20160831,33.767,1.0,trgw_0_29_15
trgw_0_29_15_20160930,33.731,1.0,trgw_0_29_15
trgw_0_29_15_20161031,33.742,1.0,trgw_0_29_15
trgw_0_29_15_20161130,33.799,1.0,trgw_0_29_15
trgw_0_29_15_20161231,33.886,1.0,trgw_0_29_15
trgw_0_29_15_20170131,33.977,1.0,trgw_0_29_15
trgw_0_29_15_20170228,34.042,1.0,trgw_0_29_15
trgw_0_29_15_20170331,34.071,1.0,trgw_0_29_15
trgw_0_29_15_20170430,34.052,1.0,trgw_0_29_15
trgw_0_29_15_20170531,33.988,1.0,trgw_0_29_15
trgw_0_29_15_20170630,33.902,1.0,trgw_0_29_15
trgw_0_29_15_20170731,33.814,1.0,trgw_0_29_15
trgw_0_29_15_20170831,33.751999999999995,1.0,trgw_0_29_15
trgw_0_29_15_20170930,33.736,1.0,trgw_0_29_15
trgw_0_29_15_20171031,33.769,1.0,trgw_0_29_15
trgw_0_29_15_20171130,33.841,1.0,trgw_0_29_15
trgw_0_29_15_20171231,33.933,1.0,trgw_0_29_15
trgw_0_2_15_20151231,34.291,1.0,trgw_0_2_15
trgw_0_2_15_20160131,34.361999999999995,1.0,trgw_0_2_15
trgw_0_2_15_20160229,34.425,1.0,trgw_0_2_15
trgw_0_2_15_20160331,34.464,1.0,trgw_0_2_15
trgw_0_2_15_20160430,34.461,1.0,trgw_0_2_15
trgw_0_2_15_20160531,34.416,1.0,trgw_0_2_15
trgw_0_2_15_20160630,34.342,1.0,trgw_0_2_15
trgw_0_2_15_20160731,34.256,1.0,trgw_0_2_15
trgw_0_2_15_20160831,34.181999999999995,1.0,trgw_0_2_15
trgw_0_2_15_20160930,34.141,1.0,trgw_0_2_15
trgw_0_2_15_20161031,34.142,1.0,trgw_0_2_15
trgw_0_2_15_20161130,34.184,1.0,trgw_0_2_15
trgw_0_2_15_20161231,34.257,1.0,trgw_0_2_15
trgw_0_2_15_20170131,34.339,1.0,trgw_0_2_15
trgw_0_2_15_20170228,34.401,1.0,trgw_0_2_15
trgw_0_2_15_20170331,34.435,1.0,trgw_0_2_15
trgw_0_2_15_20170430,34.424,1.0,trgw_0_2_15
trgw_0_2_15_20170531,34.373000000000005,1.0,trgw_0_2_15
trgw_0_2_15_20170630,34.298,1.0,trgw_0_2_15
trgw_0_2_15_20170731,34.217,1.0,trgw_0_2_15
trgw_0_2_15_20170831,34.157,1.0,trgw_0_2_15
trgw_0_2_15_20170930,34.135,1.0,trgw_0_2_15
trgw_0_2_15_20171031,34.157,1.0,trgw_0_2_15
trgw_0_2_15_20171130,34.216,1.0,trgw_0_2_15
trgw_0_2_15_20171231,34.297,1.0,trgw_0_2_15
trgw_0_2_9_20151231,34.587,1.0,trgw_0_2_9
trgw_0_2_9_20160131,34.686,1.0,trgw_0_2_9
trgw_0_2_9_20160229,34.784,1.0,trgw_0_2_9
trgw_0_2_9_20160331,34.854,1.0,trgw_0_2_9
trgw_0_2_9_20160430,34.866,1.0,trgw_0_2_9
trgw_0_2_9_20160531,34.813,1.0,trgw_0_2_9
trgw_0_2_9_20160630,34.709,1.0,trgw_0_2_9
trgw_0_2_9_20160731,34.577,1.0,trgw_0_2_9
trgw_0_2_9_20160831,34.455,1.0,trgw_0_2_9
trgw_0_2_9_20160930,34.376999999999995,1.0,trgw_0_2_9
trgw_0_2_9_20161031,34.36,1.0,trgw_0_2_9
trgw_0_2_9_20161130,34.407,1.0,trgw_0_2_9
trgw_0_2_9_20161231,34.508,1.0,trgw_0_2_9
trgw_0_2_9_20170131,34.632,1.0,trgw_0_2_9
trgw_0_2_9_20170228,34.732,1.0,trgw_0_2_9
trgw_0_2_9_20170331,34.797,1.0,trgw_0_2_9
trgw_0_2_9_20170430,34.798,1.0,trgw_0_2_9
trgw_0_2_9_20170531,34.733000000000004,1.0,trgw_0_2_9
trgw_0_2_9_20170630,34.626,1.0,trgw_0_2_9
trgw_0_2_9_20170731,34.501999999999995,1.0,trgw_0_2_9
trgw_0_2_9_20170831,34.401,1.0,trgw_0_2_9
trgw_0_2_9_20170930,34.354,1.0,trgw_0_2_9
trgw_0_2_9_20171031,34.372,1.0,trgw_0_2_9
trgw_0_2_9_20171130,34.449,1.0,trgw_0_2_9
trgw_0_2_9_20171231,34.567,1.0,trgw_0_2_9
trgw_0_33_7_20151231,33.986,1.0,trgw_0_33_7
trgw_0_33_7_20160131,34.102,1.0,trgw_0_33_7
trgw_0_33_7_20160229,34.195,1.0,trgw_0_33_7
trgw_0_33_7_20160331,34.243,1.0,trgw_0_33_7
trgw_0_33_7_20160430,34.225,1.0,trgw_0_33_7
trgw_0_33_7_20160531,34.144,1.0,trgw_0_33_7
trgw_0_33_7_20160630,34.025,1.0,trgw_0_33_7
trgw_0_33_7_20160731,33.896,1.0,trgw_0_33_7
trgw_0_33_7_20160831,33.792,1.0,trgw_0_33_7
trgw_0_33_7_20160930,33.738,1.0,trgw_0_33_7
trgw_0_33_7_20161031,33.748000000000005,1.0,trgw_0_33_7
trgw_0_33_7_20161130,33.822,1.0,trgw_0_33_7
trgw_0_33_7_20161231,33.943000000000005,1.0,trgw_0_33_7
trgw_0_33_7_20170131,34.073,1.0,trgw_0_33_7
trgw_0_33_7_20170228,34.168,1.0,trgw_0_33_7
trgw_0_33_7_20170331,34.214,1.0,trgw_0_33_7
trgw_0_33_7_20170430,34.191,1.0,trgw_0_33_7
trgw_0_33_7_20170531,34.104,1.0,trgw_0_33_7
trgw_0_33_7_20170630,33.983000000000004,1.0,trgw_0_33_7
trgw_0_33_7_20170731,33.858000000000004,1.0,trgw_0_33_7
trgw_0_33_7_20170831,33.768,1.0,trgw_0_33_7
trgw_0_33_7_20170930,33.741,1.0,trgw_0_33_7
trgw_0_33_7_20171031,33.784,1.0,trgw_0_33_7
trgw_0_33_7_20171130,33.881,1.0,trgw_0_33_7
trgw_0_33_7_20171231,34.011,1.0,trgw_0_33_7
trgw_0_34_10_20151231,33.89,1.0,trgw_0_34_10
trgw_0_34_10_20160131,34.005,1.0,trgw_0_34_10
trgw_0_34_10_20160229,34.086,1.0,trgw_0_34_10
trgw_0_34_10_20160331,34.121,1.0,trgw_0_34_10
trgw_0_34_10_20160430,34.095,1.0,trgw_0_34_10
trgw_0_34_10_20160531,34.015,1.0,trgw_0_34_10
trgw_0_34_10_20160630,33.904,1.0,trgw_0_34_10
trgw_0_34_10_20160731,33.79,1.0,trgw_0_34_10
trgw_0_34_10_20160831,33.703,1.0,trgw_0_34_10
trgw_0_34_10_20160930,33.661,1.0,trgw_0_34_10
trgw_0_34_10_20161031,33.68,1.0,trgw_0_34_10
trgw_0_34_10_20161130,33.755,1.0,trgw_0_34_10
trgw_0_34_10_20161231,33.869,1.0,trgw_0_34_10
trgw_0_34_10_20170131,33.985,1.0,trgw_0_34_10
trgw_0_34_10_20170228,34.066,1.0,trgw_0_34_10
trgw_0_34_10_20170331,34.1,1.0,trgw_0_34_10
trgw_0_34_10_20170430,34.07,1.0,trgw_0_34_10
trgw_0_34_10_20170531,33.984,1.0,trgw_0_34_10
trgw_0_34_10_20170630,33.872,1.0,trgw_0_34_10
trgw_0_34_10_20170731,33.76,1.0,trgw_0_34_10
trgw_0_34_10_20170831,33.685,1.0,trgw_0_34_10
trgw_0_34_10_20170930,33.669000000000004,1.0,trgw_0_34_10
trgw_0_34_10_20171031,33.716,1.0,trgw_0_34_10
trgw_0_34_10_20171130,33.811,1.0,trgw_0_34_10
trgw_0_34_10_20171231,33.93,1.0,trgw_0_34_10
trgw_0_3_8_20151231,34.617,1.0,trgw_0_3_8
trgw_0_3_8_20160131,34.717,1.0,trgw_0_3_8
trgw_0_3_8_20160229,34.817,1.0,trgw_0_3_8
trgw_0_3_8_20160331,34.891,1.0,trgw_0_3_8
trgw_0_3_8_20160430,34.905,1.0,trgw_0_3_8
trgw_0_3_8_20160531,34.852,1.0,trgw_0_3_8
trgw_0_3_8_20160630,34.746,1.0,trgw_0_3_8
trgw_0_3_8_20160731,34.611,1.0,trgw_0_3_8
trgw_0_3_8_20160831,34.486,1.0,trgw_0_3_8
trgw_0_3_8_20160930,34.404,1.0,trgw_0_3_8
trgw_0_3_8_20161031,34.384,1.0,trgw_0_3_8
trgw_0_3_8_20161130,34.431,1.0,trgw_0_3_8
trgw_0_3_8_20161231,34.533,1.0,trgw_0_3_8
trgw_0_3_8_20170131,34.659,1.0,trgw_0_3_8
trgw_0_3_8_20170228,34.763000000000005,1.0,trgw_0_3_8
trgw_0_3_8_20170331,34.831,1.0,trgw_0_3_8
trgw_0_3_8_20170430,34.833,1.0,trgw_0_3_8
trgw_0_3_8_20170531,34.769,1.0,trgw_0_3_8
trgw_0_3_8_20170630,34.66,1.0,trgw_0_3_8
trgw_0_3_8_20170731,34.533,1.0,trgw_0_3_8
trgw_0_3_8_20170831,34.429,1.0,trgw_0_3_8
trgw_0_3_8_20170930,34.379,1.0,trgw_0_3_8
trgw_0_3_8_20171031,34.395,1.0,trgw_0_3_8
trgw_0_3_8_20171130,34.472,1.0,trgw_0_3_8
trgw_0_3_8_20171231,34.592,1.0,trgw_0_3_8
trgw_0_9_1_20151231,34.878,1.0,trgw_0_9_1
trgw_0_9_1_20160131,34.978,1.0,trgw_0_9_1
trgw_0_9_1_20160229,35.089,1.0,trgw_0_9_1
trgw_0_9_1_20160331,35.183,1.0,trgw_0_9_1
trgw_0_9_1_20160430,35.22,1.0,trgw_0_9_1
trgw_0_9_1_20160531,35.185,1.0,trgw_0_9_1
trgw_0_9_1_20160630,35.084,1.0,trgw_0_9_1
trgw_0_9_1_20160731,34.938,1.0,trgw_0_9_1
trgw_0_9_1_20160831,34.788000000000004,1.0,trgw_0_9_1
trgw_0_9_1_20160930,34.678000000000004,1.0,trgw_0_9_1
trgw_0_9_1_20161031,34.63,1.0,trgw_0_9_1
trgw_0_9_1_20161130,34.656,1.0,trgw_0_9_1
trgw_0_9_1_20161231,34.749,1.0,trgw_0_9_1
trgw_0_9_1_20170131,34.881,1.0,trgw_0_9_1
trgw_0_9_1_20170228,34.999,1.0,trgw_0_9_1
trgw_0_9_1_20170331,35.091,1.0,trgw_0_9_1
trgw_0_9_1_20170430,35.117,1.0,trgw_0_9_1
trgw_0_9_1_20170531,35.069,1.0,trgw_0_9_1
trgw_0_9_1_20170630,34.963,1.0,trgw_0_9_1
trgw_0_9_1_20170731,34.827,1.0,trgw_0_9_1
trgw_0_9_1_20170831,34.703,1.0,trgw_0_9_1
trgw_0_9_1_20170930,34.629,1.0,trgw_0_9_1
trgw_0_9_1_20171031,34.623000000000005,1.0,trgw_0_9_1
trgw_0_9_1_20171130,34.688,1.0,trgw_0_9_1
trgw_0_9_1_20171231,34.806999999999995,1.0,trgw_0_9_1
trgw_2_13_10_20151231,34.258,1.0,trgw_2_13_10
trgw_2_13_10_20160131,34.381,1.0,trgw_2_13_10
trgw_2_13_10_20160229,34.481,1.0,trgw_2_13_10
trgw_2_13_10_20160331,34.535,1.0,trgw_2_13_10
trgw_2_13_10_20160430,34.52,1.0,trgw_2_13_10
trgw_2_13_10_20160531,34.437,1.0,trgw_2_13_10
trgw_2_13_10_20160630,34.312,1.0,trgw_2_13_10
trgw_2_13_10_20160731,34.173,1.0,trgw_2_13_10
trgw_2_13_10_20160831,34.06,1.0,trgw_2_13_10
trgw_2_13_10_20160930,33.999,1.0,trgw_2_13_10
trgw_2_13_10_20161031,34.007,1.0,trgw_2_13_10
trgw_2_13_10_20161130,34.083,1.0,trgw_2_13_10
trgw_2_13_10_20161231,34.21,1.0,trgw_2_13_10
trgw_2_13_10_20170131,34.348,1.0,trgw_2_13_10
trgw_2_13_10_20170228,34.45,1.0,trgw_2_13_10
trgw_2_13_10_20170331,34.501999999999995,1.0,trgw_2_13_10
trgw_2_13_10_20170430,34.479,1.0,trgw_2_13_10
trgw_2_13_10_20170531,34.389,1.0,trgw_2_13_10
trgw_2_13_10_20170630,34.261,1.0,trgw_2_13_10
trgw_2_13_10_20170731,34.126,1.0,trgw_2_13_10
trgw_2_13_10_20170831,34.028,1.0,trgw_2_13_10
trgw_2_13_10_20170930,33.997,1.0,trgw_2_13_10
trgw_2_13_10_20171031,34.039,1.0,trgw_2_13_10
trgw_2_13_10_20171130,34.142,1.0,trgw_2_13_10
trgw_2_13_10_20171231,34.279,1.0,trgw_2_13_10
trgw_2_15_16_20151231,34.136,1.0,trgw_2_15_16
trgw_2_15_16_20160131,34.245,1.0,trgw_2_15_16
trgw_2_15_16_20160229,34.33,1.0,trgw_2_15_16
trgw_2_15_16_20160331,34.372,1.0,trgw_2_15_16
trgw_2_15_16_20160430,34.353,1.0,trgw_2_15_16
trgw_2_15_16_20160531,34.277,1.0,trgw_2_15_16
trgw_2_15_16_20160630,34.168,1.0,trgw_2_15_16
trgw_2_15_16_20160731,34.05,1.0,trgw_2_15_16
trgw_2_15_16_20160831,33.957,1.0,trgw_2_15_16
trgw_2_15_16_20160930,33.91,1.0,trgw_2_15_16
trgw_2_15_16_20161031,33.923,1.0,trgw_2_15_16
trgw_2_15_16_20161130,33.993,1.0,trgw_2_15_16
trgw_2_15_16_20161231,34.105,1.0,trgw_2_15_16
trgw_2_15_16_20170131,34.223,1.0,trgw_2_15_16
trgw_2_15_16_20170228,34.308,1.0,trgw_2_15_16
trgw_2_15_16_20170331,34.347,1.0,trgw_2_15_16
trgw_2_15_16_20170430,34.323,1.0,trgw_2_15_16
trgw_2_15_16_20170531,34.241,1.0,trgw_2_15_16
trgw_2_15_16_20170630,34.129,1.0,trgw_2_15_16
trgw_2_15_16_20170731,34.015,1.0,trgw_2_15_16
trgw_2_15_16_20170831,33.935,1.0,trgw_2_15_16
trgw_2_15_16_20170930,33.913000000000004,1.0,trgw_2_15_16
trgw_2_15_16_20171031,33.955,1.0,trgw_2_15_16
trgw_2_15_16_20171130,34.047,1.0,trgw_2_15_16
trgw_2_15_16_20171231,34.165,1.0,trgw_2_15_16
trgw_2_21_10_20151231,34.144,1.0,trgw_2_21_10
trgw_2_21_10_20160131,34.272,1.0,trgw_2_21_10
trgw_2_21_10_20160229,34.376,1.0,trgw_2_21_10
trgw_2_21_10_20160331,34.431,1.0,trgw_2_21_10
trgw_2_21_10_20160430,34.414,1.0,trgw_2_21_10
trgw_2_21_10_20160531,34.326,1.0,trgw_2_21_10
trgw_2_21_10_20160630,34.195,1.0,trgw_2_21_10
trgw_2_21_10_20160731,34.05,1.0,trgw_2_21_10
trgw_2_21_10_20160831,33.933,1.0,trgw_2_21_10
trgw_2_21_10_20160930,33.87,1.0,trgw_2_21_10
trgw_2_21_10_20161031,33.879,1.0,trgw_2_21_10
trgw_2_21_10_20161130,33.959,1.0,trgw_2_21_10
trgw_2_21_10_20161231,34.093,1.0,trgw_2_21_10
trgw_2_21_10_20170131,34.238,1.0,trgw_2_21_10
trgw_2_21_10_20170228,34.344,1.0,trgw_2_21_10
trgw_2_21_10_20170331,34.399,1.0,trgw_2_21_10
trgw_2_21_10_20170430,34.376,1.0,trgw_2_21_10
trgw_2_21_10_20170531,34.282,1.0,trgw_2_21_10
trgw_2_21_10_20170630,34.148,1.0,trgw_2_21_10
trgw_2_21_10_20170731,34.007,1.0,trgw_2_21_10
trgw_2_21_10_20170831,33.905,1.0,trgw_2_21_10
trgw_2_21_10_20170930,33.872,1.0,trgw_2_21_10
trgw_2_21_10_20171031,33.916,1.0,trgw_2_21_10
trgw_2_21_10_20171130,34.024,1.0,trgw_2_21_10
trgw_2_21_10_20171231,34.167,1.0,trgw_2_21_10
trgw_2_22_15_20151231,34.028,1.0,trgw_2_22_15
trgw_2_22_15_20160131,34.138000000000005,1.0,trgw_2_22_15
trgw_2_22_15_20160229,34.219,1.0,trgw_2_22_15
trgw_2_22_15_20160331,34.257,1.0,trgw_2_22_15
trgw_2_22_15_20160430,34.236,1.0,trgw_2_22_15
trgw_2_22_15_20160531,34.16,1.0,trgw_2_22_15
trgw_2_22_15_20160630,34.052,1.0,trgw_2_22_15
trgw_2_22_15_20160731,33.936,1.0,trgw_2_22_15
trgw_2_22_15_20160831,33.846,1.0,trgw_2_22_15
trgw_2_22_15_20160930,33.801,1.0,trgw_2_22_15
trgw_2_22_15_20161031,33.816,1.0,trgw_2_22_15
trgw_2_22_15_20161130,33.888000000000005,1.0,trgw_2_22_15
trgw_2_22_15_20161231,33.999,1.0,trgw_2_22_15
trgw_2_22_15_20170131,34.116,1.0,trgw_2_22_15
trgw_2_22_15_20170228,34.198,1.0,trgw_2_22_15
trgw_2_22_15_20170331,34.235,1.0,trgw_2_22_15
trgw_2_22_15_20170430,34.21,1.0,trgw_2_22_15
trgw_2_22_15_20170531,34.128,1.0,trgw_2_22_15
trgw_2_22_15_20170630,34.017,1.0,trgw_2_22_15
trgw_2_22_15_20170731,33.904,1.0,trgw_2_22_15
trgw_2_22_15_20170831,33.827,1.0,trgw_2_22_15
trgw_2_22_15_20170930,33.806999999999995,1.0,trgw_2_22_15
trgw_2_22_15_20171031,33.85,1.0,trgw_2_22_15
trgw_2_22_15_20171130,33.942,1.0,trgw_2_22_15
trgw_2_22_15_20171231,34.059,1.0,trgw_2_22_15
trgw_2_24_4_20151231,34.311,1.0,trgw_2_24_4
trgw_2_24_4_20160131,34.437,1.0,trgw_2_24_4
trgw_2_24_4_20160229,34.554,1.0,trgw_2_24_4
trgw_2_24_4_20160331,34.631,1.0,trgw_2_24_4
trgw_2_24_4_20160430,34.633,1.0,trgw_2_24_4
trgw_2_24_4_20160531,34.555,1.0,trgw_2_24_4
trgw_2_24_4_20160630,34.421,1.0,trgw_2_24_4
trgw_2_24_4_20160731,34.259,1.0,trgw_2_24_4
trgw_2_24_4_20160831,34.117,1.0,trgw_2_24_4
trgw_2_24_4_20160930,34.029,1.0,trgw_2_24_4
trgw_2_24_4_20161031,34.016,1.0,trgw_2_24_4
trgw_2_24_4_20161130,34.084,1.0,trgw_2_24_4
trgw_2_24_4_20161231,34.217,1.0,trgw_2_24_4
trgw_2_24_4_20170131,34.375,1.0,trgw_2_24_4
trgw_2_24_4_20170228,34.5,1.0,trgw_2_24_4
trgw_2_24_4_20170331,34.577,1.0,trgw_2_24_4
trgw_2_24_4_20170430,34.573,1.0,trgw_2_24_4
trgw_2_24_4_20170531,34.486999999999995,1.0,trgw_2_24_4
trgw_2_24_4_20170630,34.35,1.0,trgw_2_24_4
trgw_2_24_4_20170731,34.195,1.0,trgw_2_24_4
trgw_2_24_4_20170831,34.071,1.0,trgw_2_24_4
trgw_2_24_4_20170930,34.017,1.0,trgw_2_24_4
trgw_2_24_4_20171031,34.045,1.0,trgw_2_24_4
trgw_2_24_4_20171130,34.146,1.0,trgw_2_24_4
trgw_2_24_4_20171231,34.297,1.0,trgw_2_24_4
trgw_2_26_6_20151231,34.172,1.0,trgw_2_26_6
trgw_2_26_6_20160131,34.313,1.0,trgw_2_26_6
trgw_2_26_6_20160229,34.427,1.0,trgw_2_26_6
trgw_2_26_6_20160331,34.49,1.0,trgw_2_26_6
trgw_2_26_6_20160430,34.475,1.0,trgw_2_26_6
trgw_2_26_6_20160531,34.383,1.0,trgw_2_26_6
trgw_2_26_6_20160630,34.241,1.0,trgw_2_26_6
trgw_2_26_6_20160731,34.081,1.0,trgw_2_26_6
trgw_2_26_6_20160831,33.948,1.0,trgw_2_26_6
trgw_2_26_6_20160930,33.873000000000005,1.0,trgw_2_26_6
trgw_2_26_6_20161031,33.876999999999995,1.0,trgw_2_26_6
trgw_2_26_6_20161130,33.96,1.0,trgw_2_26_6
trgw_2_26_6_20161231,34.103,1.0,trgw_2_26_6
trgw_2_26_6_20170131,34.264,1.0,trgw_2_26_6
trgw_2_26_6_20170228,34.384,1.0,trgw_2_26_6
trgw_2_26_6_20170331,34.449,1.0,trgw_2_26_6
trgw_2_26_6_20170430,34.43,1.0,trgw_2_26_6
trgw_2_26_6_20170531,34.33,1.0,trgw_2_26_6
trgw_2_26_6_20170630,34.185,1.0,trgw_2_26_6
trgw_2_26_6_20170731,34.029,1.0,trgw_2_26_6
trgw_2_26_6_20170831,33.913000000000004,1.0,trgw_2_26_6
trgw_2_26_6_20170930,33.872,1.0,trgw_2_26_6
trgw_2_26_6_20171031,33.915,1.0,trgw_2_26_6
trgw_2_26_6_20171130,34.029,1.0,trgw_2_26_6
trgw_2_26_6_20171231,34.186,1.0,trgw_2_26_6
trgw_2_29_15_20151231,33.945,1.0,trgw_2_29_15
trgw_2_29_15_20160131,34.04,1.0,trgw_2_29_15
trgw_2_29_15_20160229,34.115,1.0,trgw_2_29_15
trgw_2_29_15_20160331,34.152,1.0,trgw_2_29_15
trgw_2_29_15_20160430,34.136,1.0,trgw_2_29_15
trgw_2_29_15_20160531,34.068000000000005,1.0,trgw_2_29_15
trgw_2_29_15_20160630,33.97,1.0,trgw_2_29_15
trgw_2_29_15_20160731,33.865,1.0,trgw_2_29_15
trgw_2_29_15_20160831,33.782,1.0,trgw_2_29_15
trgw_2_29_15_20160930,33.741,1.0,trgw_2_29_15
trgw_2_29_15_20161031,33.753,1.0,trgw_2_29_15
trgw_2_29_15_20161130,33.817,1.0,trgw_2_29_15
trgw_2_29_15_20161231,33.917,1.0,trgw_2_29_15
trgw_2_29_15_20170131,34.022,1.0,trgw_2_29_15
trgw_2_29_15_20170228,34.096,1.0,trgw_2_29_15
trgw_2_29_15_20170331,34.131,1.0,trgw_2_29_15
trgw_2_29_15_20170430,34.109,1.0,trgw_2_29_15
trgw_2_29_15_20170531,34.035,1.0,trgw_2_29_15
trgw_2_29_15_20170630,33.937,1.0,trgw_2_29_15
trgw_2_29_15_20170731,33.835,1.0,trgw_2_29_15
trgw_2_29_15_20170831,33.765,1.0,trgw_2_29_15
trgw_2_29_15_20170930,33.746,1.0,trgw_2_29_15
trgw_2_29_15_20171031,33.784,1.0,trgw_2_29_15
trgw_2_29_15_20171130,33.866,1.0,trgw_2_29_15
trgw_2_29_15_20171231,33.972,1.0,trgw_2_29_15
trgw_2_2_15_20151231,34.339,1.0,trgw_2_2_15
trgw_2_2_15_20160131,34.422,1.0,trgw_2_2_15
trgw_2_2_15_20160229,34.496,1.0,trgw_2_2_15
trgw_2_2_15_20160331,34.541,1.0,trgw_2_2_15
trgw_2_2_15_20160430,34.538000000000004,1.0,trgw_2_2_15
trgw_2_2_15_20160531,34.486,1.0,trgw_2_2_15
trgw_2_2_15_20160630,34.4,1.0,trgw_2_2_15
trgw_2_2_15_20160731,34.3,1.0,trgw_2_2_15
trgw_2_2_15_20160831,34.214,1.0,trgw_2_2_15
trgw_2_2_15_20160930,34.165,1.0,trgw_2_2_15
trgw_2_2_15_20161031,34.166,1.0,trgw_2_2_15
trgw_2_2_15_20161130,34.213,1.0,trgw_2_2_15
trgw_2_2_15_20161231,34.299,1.0,trgw_2_2_15
trgw_2_2_15_20170131,34.395,1.0,trgw_2_2_15
trgw_2_2_15_20170228,34.467,1.0,trgw_2_2_15
trgw_2_2_15_20170331,34.507,1.0,trgw_2_2_15
trgw_2_2_15_20170430,34.496,1.0,trgw_2_2_15
trgw_2_2_15_20170531,34.436,1.0,trgw_2_2_15
trgw_2_2_15_20170630,34.349000000000004,1.0,trgw_2_2_15
trgw_2_2_15_20170731,34.254,1.0,trgw_2_2_15
trgw_2_2_15_20170831,34.183,1.0,trgw_2_2_15
trgw_2_2_15_20170930,34.158,1.0,trgw_2_2_15
trgw_2_2_15_20171031,34.183,1.0,trgw_2_2_15
trgw_2_2_15_20171130,34.251,1.0,trgw_2_2_15
trgw_2_2_15_20171231,34.346,1.0,trgw_2_2_15
trgw_2_2_9_20151231,34.582,1.0,trgw_2_2_9
trgw_2_2_9_20160131,34.68,1.0,trgw_2_2_9
trgw_2_2_9_20160229,34.778,1.0,trgw_2_2_9
trgw_2_2_9_20160331,34.848,1.0,trgw_2_2_9
trgw_2_2_9_20160430,34.859,1.0,trgw_2_2_9
trgw_2_2_9_20160531,34.805,1.0,trgw_2_2_9
trgw_2_2_9_20160630,34.702,1.0,trgw_2_2_9
trgw_2_2_9_20160731,34.57,1.0,trgw_2_2_9
trgw_2_2_9_20160831,34.449,1.0,trgw_2_2_9
trgw_2_2_9_20160930,34.372,1.0,trgw_2_2_9
trgw_2_2_9_20161031,34.355,1.0,trgw_2_2_9
trgw_2_2_9_20161130,34.402,1.0,trgw_2_2_9
trgw_2_2_9_20161231,34.503,1.0,trgw_2_2_9
trgw_2_2_9_20170131,34.626999999999995,1.0,trgw_2_2_9
trgw_2_2_9_20170228,34.727,1.0,trgw_2_2_9
trgw_2_2_9_20170331,34.791,1.0,trgw_2_2_9
trgw_2_2_9_20170430,34.791,1.0,trgw_2_2_9
trgw_2_2_9_20170531,34.727,1.0,trgw_2_2_9
trgw_2_2_9_20170630,34.62,1.0,trgw_2_2_9
trgw_2_2_9_20170731,34.496,1.0,trgw_2_2_9
trgw_2_2_9_20170831,34.396,1.0,trgw_2_2_9
trgw_2_2_9_20170930,34.349000000000004,1.0,trgw_2_2_9
trgw_2_2_9_20171031,34.367,1.0,trgw_2_2_9
trgw_2_2_9_20171130,34.444,1.0,trgw_2_2_9
trgw_2_2_9_20171231,34.562,1.0,trgw_2_2_9
trgw_2_33_7_20151231,33.98,1.0,trgw_2_33_7
trgw_2_33_7_20160131,34.097,1.0,trgw_2_33_7
trgw_2_33_7_20160229,34.189,1.0,trgw_2_33_7
trgw_2_33_7_20160331,34.236,1.0,trgw_2_33_7
trgw_2_33_7_20160430,34.218,1.0,trgw_2_33_7
trgw_2_33_7_20160531,34.137,1.0,trgw_2_33_7
trgw_2_33_7_20160630,34.018,1.0,trgw_2_33_7
trgw_2_33_7_20160731,33.889,1.0,trgw_2_33_7
trgw_2_33_7_20160831,33.787,1.0,trgw_2_33_7
trgw_2_33_7_20160930,33.733000000000004,1.0,trgw_2_33_7
trgw_2_33_7_20161031,33.744,1.0,trgw_2_33_7
trgw_2_33_7_20161130,33.819,1.0,trgw_2_33_7
trgw_2_33_7_20161231,33.939,1.0,trgw_2_33_7
trgw_2_33_7_20170131,34.068000000000005,1.0,trgw_2_33_7
trgw_2_33_7_20170228,34.162,1.0,trgw_2_33_7
trgw_2_33_7_20170331,34.207,1.0,trgw_2_33_7
trgw_2_33_7_20170430,34.184,1.0,trgw_2_33_7
trgw_2_33_7_20170531,34.097,1.0,trgw_2_33_7
trgw_2_33_7_20170630,33.977,1.0,trgw_2_33_7
trgw_2_33_7_20170731,33.852,1.0,trgw_2_33_7
trgw_2_33_7_20170831,33.763000000000005,1.0,trgw_2_33_7
trgw_2_33_7_20170930,33.736999999999995,1.0,trgw_2_33_7
trgw_2_33_7_20171031,33.78,1.0,trgw_2_33_7
trgw_2_33_7_20171130,33.876999999999995,1.0,trgw_2_33_7
trgw_2_33_7_20171231,34.006,1.0,trgw_2_33_7
trgw_2_34_10_20151231,33.885,1.0,trgw_2_34_10
trgw_2_34_10_20160131,34.0,1.0,trgw_2_34_10
trgw_2_34_10_20160229,34.079,1.0,trgw_2_34_10
trgw_2_34_10_20160331,34.113,1.0,trgw_2_34_10
trgw_2_34_10_20160430,34.087,1.0,trgw_2_34_10
trgw_2_34_10_20160531,34.007,1.0,trgw_2_34_10
trgw_2_34_10_20160630,33.897,1.0,trgw_2_34_10
trgw_2_34_10_20160731,33.784,1.0,trgw_2_34_10
trgw_2_34_10_20160831,33.698,1.0,trgw_2_34_10
trgw_2_34_10_20160930,33.657,1.0,trgw_2_34_10
trgw_2_34_10_20161031,33.676,1.0,trgw_2_34_10
trgw_2_34_10_20161130,33.751,1.0,trgw_2_34_10
trgw_2_34_10_20161231,33.864000000000004,1.0,trgw_2_34_10
trgw_2_34_10_20170131,33.98,1.0,trgw_2_34_10
trgw_2_34_10_20170228,34.06,1.0,trgw_2_34_10
trgw_2_34_10_20170331,34.093,1.0,trgw_2_34_10
trgw_2_34_10_20170430,34.062,1.0,trgw_2_34_10
trgw_2_34_10_20170531,33.977,1.0,trgw_2_34_10
trgw_2_34_10_20170630,33.865,1.0,trgw_2_34_10
trgw_2_34_10_20170731,33.754,1.0,trgw_2_34_10
trgw_2_34_10_20170831,33.68,1.0,trgw_2_34_10
trgw_2_34_10_20170930,33.665,1.0,trgw_2_34_10
trgw_2_34_10_20171031,33.713,1.0,trgw_2_34_10
trgw_2_34_10_20171130,33.806999999999995,1.0,trgw_2_34_10
trgw_2_34_10_20171231,33.925,1.0,trgw_2_34_10
trgw_2_3_8_20151231,34.611,1.0,trgw_2_3_8
trgw_2_3_8_20160131,34.711,1.0,trgw_2_3_8
trgw_2_3_8_20160229,34.811,1.0,trgw_2_3_8
trgw_2_3_8_20160331,34.884,1.0,trgw_2_3_8
trgw_2_3_8_20160430,34.897,1.0,trgw_2_3_8
trgw_2_3_8_20160531,34.844,1.0,trgw_2_3_8
trgw_2_3_8_20160630,34.739000000000004,1.0,trgw_2_3_8
trgw_2_3_8_20160731,34.604,1.0,trgw_2_3_8
trgw_2_3_8_20160831,34.48,1.0,trgw_2_3_8
trgw_2_3_8_20160930,34.399,1.0,trgw_2_3_8
trgw_2_3_8_20161031,34.379,1.0,trgw_2_3_8
trgw_2_3_8_20161130,34.426,1.0,trgw_2_3_8
trgw_2_3_8_20161231,34.528,1.0,trgw_2_3_8
trgw_2_3_8_20170131,34.654,1.0,trgw_2_3_8
trgw_2_3_8_20170228,34.757,1.0,trgw_2_3_8
trgw_2_3_8_20170331,34.824,1.0,trgw_2_3_8
trgw_2_3_8_20170430,34.827,1.0,trgw_2_3_8
trgw_2_3_8_20170531,34.762,1.0,trgw_2_3_8
trgw_2_3_8_20170630,34.654,1.0,trgw_2_3_8
trgw_2_3_8_20170731,34.527,1.0,trgw_2_3_8
trgw_2_3_8_20170831,34.423,1.0,trgw_2_3_8
trgw_2_3_8_20170930,34.374,1.0,trgw_2_3_8
trgw_2_3_8_20171031,34.39,1.0,trgw_2_3_8
trgw_2_3_8_20171130,34.467,1.0,trgw_2_3_8
trgw_2_3_8_20171231,34.587,1.0,trgw_2_3_8
trgw_2_9_1_20151231,34.872,1.0,trgw_2_9_1
trgw_2_9_1_20160131,34.972,1.0,trgw_2_9_1
trgw_2_9_1_20160229,35.083,1.0,trgw_2_9_1
trgw_2_9_1_20160331,35.177,1.0,trgw_2_9_1
trgw_2_9_1_20160430,35.213,1.0,trgw_2_9_1
trgw_2_9_1_20160531,35.178000000000004,1.0,trgw_2_9_1
trgw_2_9_1_20160630,35.077,1.0,trgw_2_9_1
trgw_2_9_1_20160731,34.931,1.0,trgw_2_9_1
trgw_2_9_1_20160831,34.781,1.0,trgw_2_9_1
trgw_2_9_1_20160930,34.671,1.0,trgw_2_9_1
trgw_2_9_1_20161031,34.624,1.0,trgw_2_9_1
trgw_2_9_1_20161130,34.65,1.0,trgw_2_9_1
trgw_2_9_1_20161231,34.744,1.0,trgw_2_9_1
trgw_2_9_1_20170131,34.876,1.0,trgw_2_9_1
trgw_2_9_1_20170228,34.994,1.0,trgw_2_9_1
trgw_2_9_1_20170331,35.085,1.0,trgw_2_9_1
trgw_2_9_1_20170430,35.111,1.0,trgw_2_9_1
trgw_2_9_1_20170531,35.062,1.0,trgw_2_9_1
trgw_2_9_1_20170630,34.957,1.0,trgw_2_9_1
trgw_2_9_1_20170731,34.82,1.0,trgw_2_9_1
trgw_2_9_1_20170831,34.697,1.0,trgw_2_9_1
trgw_2_9_1_20170930,34.623000000000005,1.0,trgw_2_9_1
trgw_2_9_1_20171031,34.618,1.0,trgw_2_9_1
trgw_2_9_1_20171130,34.681999999999995,1.0,trgw_2_9_1
trgw_2_9_1_20171231,34.802,1.0,trgw_2_9_1
