generation,member,obj1,obj2,nsga2_front,nsga2_crowding_distance,spea2_unconstrained_fitness,spea2_constrained_fitness,is_feasible,feasible_distance
0,gen=0_member=20,0.155598,0.946508,1,1e+30,0.395467,0.395467,1,-999
0,gen=0_member=15,0.99909,0.343666,1,1e+30,0.47221,0.47221,1,-999
0,gen=0_member=6,0.603026,0.664925,1,1.80318,0.409144,0.409144,1,-999
0,gen=0_member=26,0.997754,0.461362,1,1.00246,0.47221,0.47221,1,-999
1,gen=0_member=20,0.155598,0.946508,1,1e+30,0.372255,0.372255,1,-999
1,gen=0_member=15,0.99909,0.343666,2,1e+30,0.46066,0.46066,1,-999
1,gen=0_member=6,0.603026,0.664925,1,1.14673,0.421131,0.421131,1,-999
1,gen=0_member=26,0.997754,0.461362,2,1e+30,0.456071,0.456071,1,-999
1,gen=1_member=20_pso,0.962998,0.0763176,1,1e+30,3.43111,3.43111,1,-999
1,gen=1_member=11_pso,0.829876,0.366879,1,0.853269,2.45607,2.45607,1,-999
1,gen=1_member=50_pso,0.722473,0.559594,1,0.62347,0.450324,0.450324,1,-999
2,gen=1_member=20_pso,0.962998,0.0763176,1,1e+30,0.410218,0.410218,1,-999
2,gen=0_member=20,0.155598,0.946508,1,1e+30,0.395467,0.395467,1,-999
2,gen=0_member=6,0.603026,0.664925,1,0.692789,0.463123,0.463123,1,-999
2,gen=1_member=11_pso,0.829876,0.366879,1,0.664333,0.454078,0.454078,1,-999
2,gen=1_member=50_pso,0.722473,0.559594,2,-999,0.49441,0.49441,1,-999
2,gen=2_member=77_pso,0.482324,0.935092,1,0.877746,0.429752,0.429752,1,-999
2,gen=2_member=98_pso,0.80559,0.484765,1,0.330954,0.473521,0.473521,1,-999
2,gen=2_member=97_pso,0.705026,0.572255,1,0.292516,0.490564,0.490564,1,-999
2,gen=2_member=81_pso,0.720567,0.537063,1,0.225094,1.49056,1.49056,1,-999
3,gen=1_member=20_pso,0.962998,0.0763176,1,1e+30,0.396726,0.396726,1,-999
3,gen=0_member=20,0.155598,0.946508,1,1e+30,0.411476,0.411476,1,-999
3,gen=2_member=77_pso,0.482324,0.935092,1,0.52131,0.435558,0.435558,1,-999
3,gen=0_member=6,0.603026,0.664925,1,0.457325,0.460049,0.460049,1,-999
3,gen=1_member=11_pso,0.829876,0.366879,1,0.664333,0.446359,0.446359,1,-999
3,gen=2_member=98_pso,0.80559,0.484765,1,0.330954,0.468758,0.468758,1,-999
3,gen=2_member=97_pso,0.705026,0.572255,1,0.292516,0.467768,0.467768,1,-999
3,gen=2_member=81_pso,0.720567,0.537063,1,0.225094,0.460049,0.460049,1,-999
3,gen=3_member=141_pso,0.567445,0.821934,1,0.356437,0.462751,0.462751,1,-999
3,gen=3_member=116_pso,0.545498,0.913091,1,0.235463,0.443509,0.443509,1,-999
4,gen=1_member=20_pso,0.962998,0.0763176,1,0.231011,0.431108,0.431108,1,-999
4,gen=0_member=20,0.155598,0.946508,1,1e+30,0.418178,0.418178,1,-999
4,gen=1_member=11_pso,0.829876,0.366879,1,0.485975,0.450257,0.450257,1,-999
4,gen=2_member=77_pso,0.482324,0.935092,2,1e+30,0.464203,0.464203,1,-999
4,gen=0_member=6,0.603026,0.664925,1,0.493747,0.462751,0.462751,1,-999
4,gen=3_member=141_pso,0.567445,0.821934,2,1e+30,0.466941,0.466941,1,-999
4,gen=2_member=98_pso,0.80559,0.484765,1,0.314106,0.468758,0.468758,1,-999
4,gen=2_member=97_pso,0.705026,0.572255,1,0.0794462,0.468758,0.468758,1,-999
4,gen=3_member=116_pso,0.545498,0.913091,2,2,0.464154,0.464154,1,-999
4,gen=2_member=81_pso,0.720567,0.537063,1,0.215562,0.476231,0.476231,1,-999
4,gen=4_member=200_pso,0.976009,0.00559077,1,1e+30,0.418458,0.418458,1,-999
4,gen=4_member=185_pso,0.463856,0.781972,1,0.844635,3.46415,3.46415,1,-999
4,gen=4_member=192_pso,0.929571,0.169695,1,0.47107,0.450257,0.450257,1,-999
4,gen=4_member=176_pso,0.68742,0.573799,1,0.222818,0.470765,0.470765,1,-999
5,gen=4_member=200_pso,0.976009,0.00559077,1,1e+30,0.418458,0.418458,1,-999
5,gen=0_member=20,0.155598,0.946508,1,0.306441,0.401472,0.401472,1,-999
5,gen=4_member=185_pso,0.463856,0.781972,1,0.5413,0.450494,0.450494,1,-999
5,gen=0_member=6,0.603026,0.664925,1,0.105007,0.470765,0.470765,1,-999
5,gen=1_member=11_pso,0.829876,0.366879,1,0.16306,0.454078,0.454078,1,-999
5,gen=4_member=192_pso,0.929571,0.169695,1,0.358012,0.450257,0.450257,1,-999
5,gen=2_member=98_pso,0.80559,0.484765,2,-999,0.468758,0.468758,1,-999
5,gen=1_member=20_pso,0.962998,0.0763176,1,0.218279,0.431108,0.431108,1,-999
5,gen=4_member=176_pso,0.68742,0.573799,1,0.126598,0.470765,0.470765,1,-999
5,gen=2_member=81_pso,0.720567,0.537063,1,0.270785,0.471822,0.471822,1,-999
5,gen=2_member=97_pso,0.705026,0.572255,1,0.0744325,0.468758,0.468758,1,-999
5,gen=5_member=248_pso,0.0861779,0.993619,1,1e+30,0.388442,0.388442,1,-999
5,gen=5_member=240_pso,0.305603,0.934487,1,0.512953,0.423977,0.423977,1,-999
5,gen=5_member=241_pso,0.861803,0.317682,1,0.311612,0.459499,0.459499,1,-999
5,gen=5_member=245_pso,0.803914,0.414513,1,0.295087,1.4655,1.4655,1,-999
5,gen=5_member=223_pso,0.586617,0.711692,1,0.251682,0.466972,0.466972,1,-999
5,gen=5_member=228_pso,0.640527,0.62572,1,0.187073,0.479898,0.479898,1,-999
5,gen=5_member=216_pso,0.595688,0.679683,1,0.0657738,0.467269,0.467269,1,-999
6,gen=5_member=248_pso,0.0861779,0.993619,1,1e+30,0.426026,0.426026,1,-999
6,gen=4_member=200_pso,0.976009,0.00559077,1,1e+30,0.428756,0.428756,1,-999
6,gen=4_member=185_pso,0.463856,0.781972,1,0.27619,0.461497,0.461497,1,-999
6,gen=5_member=240_pso,0.305603,0.934487,2,-999,0.450494,0.450494,1,-999
6,gen=4_member=192_pso,0.929571,0.169695,1,0.358012,0.460713,0.460713,1,-999
6,gen=5_member=241_pso,0.861803,0.317682,1,0.311612,0.462371,0.462371,1,-999
6,gen=0_member=20,0.155598,0.946508,1,0.230315,0.441595,0.441595,1,-999
6,gen=5_member=245_pso,0.803914,0.414513,1,0.108201,0.465504,0.465504,1,-999
6,gen=2_member=81_pso,0.720567,0.537063,1,0.208375,0.471822,0.471822,1,-999
6,gen=5_member=223_pso,0.586617,0.711692,1,0.10949,0.475856,0.475856,1,-999
6,gen=1_member=20_pso,0.962998,0.0763176,1,0.199108,0.442141,0.442141,1,-999
6,gen=5_member=228_pso,0.640527,0.62572,1,0.187073,0.479898,0.479898,1,-999
6,gen=1_member=11_pso,0.829876,0.366879,1,0.16306,0.454078,0.454078,1,-999
6,gen=4_member=176_pso,0.68742,0.573799,1,0.126598,0.4831,0.4831,1,-999
6,gen=0_member=6,0.603026,0.664925,1,0.105007,0.475572,0.475572,1,-999
6,gen=2_member=97_pso,0.705026,0.572255,1,0.0529433,0.479898,0.479898,1,-999
6,gen=5_member=216_pso,0.595688,0.679683,1,0.0657738,0.479263,0.479263,1,-999
6,gen=6_member=279_pso,0.398513,0.841812,1,0.408335,0.455625,0.455625,1,-999
6,gen=6_member=281_pso,0.21622,0.910454,1,0.378955,1.45562,1.45562,1,-999
6,gen=6_member=271_pso,0.79803,0.438425,1,0.217701,0.468044,0.468044,1,-999
6,gen=6_member=259_pso,0.573618,0.763358,1,0.209091,0.473635,0.473635,1,-999
6,gen=6_member=260_pso,0.970744,0.0186872,1,0.0862056,0.431365,0.431365,1,-999
6,gen=6_member=288_pso,0.71953,0.557143,1,0.0530837,0.475146,0.475146,1,-999
7,gen=5_member=248_pso,0.0861779,0.993619,1,1e+30,0.400079,0.400079,1,-999
7,gen=4_member=200_pso,0.976009,0.00559077,1,1e+30,0.460713,0.460713,1,-999
7,gen=6_member=279_pso,0.398513,0.841812,1,0.408335,0.448687,0.448687,1,-999
7,gen=6_member=281_pso,0.21622,0.910454,1,0.378955,0.426328,0.426328,1,-999
7,gen=4_member=192_pso,0.929571,0.169695,1,0.169897,0.46371,0.46371,1,-999
7,gen=5_member=241_pso,0.861803,0.317682,1,0.208962,0.468044,0.468044,1,-999
7,gen=4_member=185_pso,0.463856,0.781972,1,0.231116,0.461497,0.461497,1,-999
7,gen=0_member=20,0.155598,0.946508,1,0.230315,0.413901,0.413901,1,-999
7,gen=6_member=271_pso,0.79803,0.438425,1,0.217701,0.468044,0.468044,1,-999
7,gen=6_member=259_pso,0.573618,0.763358,2,-999,0.473635,0.473635,1,-999
7,gen=2_member=81_pso,0.720567,0.537063,1,0.208375,0.471822,0.471822,1,-999
7,gen=1_member=20_pso,0.962998,0.0763176,1,0.0913094,0.476377,0.476377,1,-999
7,gen=5_member=228_pso,0.640527,0.62572,1,0.10938,0.479898,0.479898,1,-999
7,gen=1_member=11_pso,0.829876,0.366879,1,0.0932981,0.463865,0.463865,1,-999
7,gen=4_member=176_pso,0.68742,0.573799,1,0.0990425,0.4831,0.4831,1,-999
7,gen=5_member=223_pso,0.586617,0.711692,1,0.154565,0.475856,0.475856,1,-999
7,gen=5_member=245_pso,0.803914,0.414513,1,0.108201,0.465504,0.465504,1,-999
7,gen=0_member=6,0.603026,0.664925,1,0.105007,0.475572,0.475572,1,-999
7,gen=6_member=260_pso,0.970744,0.0186872,1,0.0862056,0.46371,0.46371,1,-999
7,gen=5_member=216_pso,0.595688,0.679683,1,0.0657738,0.478809,0.478809,1,-999
7,gen=6_member=288_pso,0.71953,0.557143,1,0.0530837,0.475146,0.475146,1,-999
7,gen=2_member=97_pso,0.705026,0.572255,1,0.0529433,0.479898,0.479898,1,-999
7,gen=7_member=342_pso,0.909219,0.232796,1,0.225939,0.465247,0.465247,1,-999
7,gen=7_member=331_pso,0.523483,0.752224,1,0.209091,1.47212,1.47212,1,-999
7,gen=7_member=333_pso,0.945836,0.105591,1,0.107799,0.475183,0.475183,1,-999
7,gen=7_member=327_pso,0.652553,0.611848,1,0.105249,0.479276,0.479276,1,-999
7,gen=7_member=344_pso,0.834595,0.356398,1,0.0856737,0.466335,0.466335,1,-999
7,gen=7_member=326_pso,0.953949,0.0902547,1,0.0489149,0.479044,0.479044,1,-999
8,gen=5_member=248_pso,0.0861779,0.993619,2,1e+30,0.426026,0.426026,1,-999
8,gen=4_member=200_pso,0.976009,0.00559077,1,1e+30,0.475183,0.475183,1,-999
8,gen=6_member=279_pso,0.398513,0.841812,1,0.247957,0.448687,0.448687,1,-999
8,gen=6_member=281_pso,0.21622,0.910454,1,0.236818,0.449088,0.449088,1,-999
8,gen=4_member=185_pso,0.463856,0.781972,1,0.149107,0.459373,0.459373,1,-999
8,gen=0_member=20,0.155598,0.946508,1,0.195793,0.441595,0.441595,1,-999
8,gen=7_member=342_pso,0.909219,0.232796,1,0.163706,0.468962,0.468962,1,-999
8,gen=6_member=271_pso,0.79803,0.438425,1,0.211124,0.470495,0.470495,1,-999
8,gen=7_member=331_pso,0.523483,0.752224,1,0.177184,0.464303,0.464303,1,-999
8,gen=5_member=241_pso,0.861803,0.317682,1,0.0879429,0.476819,0.476819,1,-999
8,gen=2_member=81_pso,0.720567,0.537063,1,0.202224,0.470495,0.470495,1,-999
8,gen=4_member=192_pso,0.929571,0.169695,1,0.0998587,0.476377,0.476377,1,-999
8,gen=5_member=223_pso,0.586617,0.711692,1,0.148418,0.470638,0.470638,1,-999
8,gen=5_member=228_pso,0.640527,0.62572,1,0.105208,0.475856,0.475856,1,-999
8,gen=5_member=245_pso,0.803914,0.414513,1,0.106018,0.473302,0.473302,1,-999
8,gen=7_member=333_pso,0.945836,0.105591,2,2,0.483996,0.483996,1,-999
8,gen=7_member=327_pso,0.652553,0.611848,1,0.101321,0.478809,0.478809,1,-999
8,gen=0_member=6,0.603026,0.664925,1,0.101309,0.470765,0.470765,1,-999
8,gen=4_member=176_pso,0.68742,0.573799,1,0.0944004,0.470765,0.470765,1,-999
8,gen=1_member=11_pso,0.829876,0.366879,1,0.0874154,0.481159,0.481159,1,-999
8,gen=1_member=20_pso,0.962998,0.0763176,2,1e+30,0.482646,0.482646,1,-999
8,gen=6_member=260_pso,0.970744,0.0186872,1,0.0730199,0.478377,0.478377,1,-999
8,gen=7_member=344_pso,0.834595,0.356398,1,0.0408185,0.479176,0.479176,1,-999
8,gen=5_member=216_pso,0.595688,0.679683,1,0.0647808,0.467269,0.467269,1,-999
8,gen=6_member=288_pso,0.71953,0.557143,1,0.0520218,0.466783,0.466783,1,-999
8,gen=2_member=97_pso,0.705026,0.572255,1,0.0500016,0.467768,0.467768,1,-999
8,gen=7_member=326_pso,0.953949,0.0902547,1,0.0483869,0.482274,0.482274,1,-999
8,gen=8_member=367_pso,0.000663145,0.980767,1,1e+30,2.41298,2.41298,1,-999
8,gen=8_member=364_pso,0.31096,0.870904,1,0.257291,0.445749,0.445749,1,-999
8,gen=8_member=397_pso,0.0671205,0.952314,1,0.193982,2.42565,2.42565,1,-999
8,gen=8_member=395_pso,0.902971,0.302742,1,0.135661,0.476816,0.476816,1,-999
8,gen=8_member=400_pso,0.929989,0.156183,1,0.0944859,0.47929,0.47929,1,-999
8,gen=8_member=354_pso,0.942913,0.0908938,1,0.0921725,1.48137,1.48137,1,-999
8,gen=8_member=391_pso,0.482345,0.780223,1,0.0916389,0.461488,0.461488,1,-999
8,gen=8_member=363_pso,0.957673,0.0584659,1,0.0906092,1.48639,1.48639,1,-999
8,gen=8_member=358_pso,0.846289,0.33183,1,0.0675976,0.477804,0.477804,1,-999
8,gen=8_member=353_pso,0.832099,0.357448,1,0.0155866,0.478961,0.478961,1,-999
9,gen=4_member=200_pso,0.976009,0.00559077,1,1e+30,0.466301,0.466301,1,-999
9,gen=8_member=367_pso,0.000663145,0.980767,1,1e+30,0.455705,0.455705,1,-999
9,gen=8_member=364_pso,0.31096,0.870904,1,0.257291,0.459373,0.459373,1,-999
9,gen=6_member=279_pso,0.398513,0.841812,1,0.247957,0.45484,0.45484,1,-999
9,gen=6_member=281_pso,0.21622,0.910454,1,0.141988,0.464066,0.464066,1,-999
9,gen=6_member=271_pso,0.79803,0.438425,1,0.211124,0.470495,0.470495,1,-999
9,gen=2_member=81_pso,0.720567,0.537063,1,0.202224,0.470495,0.470495,1,-999
9,gen=0_member=20,0.155598,0.946508,2,1e+30,0.477228,0.477228,1,-999
9,gen=8_member=397_pso,0.0671205,0.952314,1,0.0788524,0.471064,0.471064,1,-999
9,gen=7_member=331_pso,0.523483,0.752224,1,0.177184,0.464303,0.464303,1,-999
9,gen=7_member=342_pso,0.909219,0.232796,1,0.119832,0.476819,0.476819,1,-999
9,gen=4_member=185_pso,0.463856,0.781972,1,0.149107,0.459373,0.459373,1,-999
9,gen=5_member=223_pso,0.586617,0.711692,1,0.148418,0.470638,0.470638,1,-999
9,gen=8_member=395_pso,0.902971,0.302742,1,0.126525,0.478577,0.478577,1,-999
9,gen=5_member=245_pso,0.803914,0.414513,1,0.106018,0.473302,0.473302,1,-999
9,gen=5_member=228_pso,0.640527,0.62572,1,0.105208,0.475856,0.475856,1,-999
9,gen=7_member=327_pso,0.652553,0.611848,1,0.101321,0.478809,0.478809,1,-999
9,gen=0_member=6,0.603026,0.664925,1,0.101309,0.470765,0.470765,1,-999
9,gen=4_member=192_pso,0.929571,0.169695,2,1.89299,0.480055,0.480055,1,-999
9,gen=8_member=400_pso,0.929989,0.156183,2,0.123312,0.480913,0.480913,1,-999
9,gen=4_member=176_pso,0.68742,0.573799,1,0.0944004,0.470765,0.470765,1,-999
9,gen=8_member=354_pso,0.942913,0.0908938,1,0.0806156,0.481374,0.481374,1,-999
9,gen=8_member=391_pso,0.482345,0.780223,1,0.0916389,0.461488,0.461488,1,-999
9,gen=8_member=363_pso,0.957673,0.0584659,1,0.0913282,0.478789,0.478789,1,-999
9,gen=5_member=241_pso,0.861803,0.317682,1,0.0879429,0.478477,0.478477,1,-999
9,gen=1_member=11_pso,0.829876,0.366879,1,0.0874154,0.481159,0.481159,1,-999
9,gen=6_member=260_pso,0.970744,0.0186872,1,0.0730199,0.469389,0.469389,1,-999
9,gen=8_member=358_pso,0.846289,0.33183,1,0.0675976,0.477804,0.477804,1,-999
9,gen=5_member=216_pso,0.595688,0.679683,1,0.0647808,0.467269,0.467269,1,-999
9,gen=6_member=288_pso,0.71953,0.557143,1,0.0520218,0.466783,0.466783,1,-999
9,gen=2_member=97_pso,0.705026,0.572255,1,0.0500016,0.467768,0.467768,1,-999
9,gen=7_member=326_pso,0.953949,0.0902547,2,1e+30,0.482274,0.482274,1,-999
9,gen=7_member=344_pso,0.834595,0.356398,1,0.0408185,0.479176,0.479176,1,-999
9,gen=8_member=353_pso,0.832099,0.357448,1,0.0155866,0.478961,0.478961,1,-999
9,gen=9_member=423_pso,0.925327,0.140953,1,0.180061,2.47879,2.47879,1,-999
9,gen=9_member=403_pso,0.11764,0.941643,1,0.150741,1.47629,1.47629,1,-999
9,gen=9_member=444_pso,0.186923,0.925097,1,0.128758,0.469295,0.469295,1,-999
9,gen=9_member=446_pso,0.0303578,0.964303,1,0.0812023,0.462663,0.462663,1,-999
9,gen=9_member=443_pso,0.908,0.240486,1,0.0781318,0.475957,0.475957,1,-999
9,gen=9_member=447_pso,0.061496,0.962403,1,0.0499869,0.469295,0.469295,1,-999
9,gen=9_member=413_pso,0.945929,0.0829371,1,0.0483869,1.48194,1.48194,1,-999
9,gen=9_member=435_pso,0.212264,0.910688,1,0.0450524,0.464901,0.464901,1,-999
10,gen=4_member=200_pso,0.976009,0.00559077,1,0.0277046,0.478126,0.478126,1,-999
10,gen=8_member=367_pso,0.000663145,0.980767,1,1e+30,0.455705,0.455705,1,-999
10,gen=8_member=364_pso,0.31096,0.870904,2,-999,0.472824,0.472824,1,-999
10,gen=6_member=279_pso,0.398513,0.841812,1,0.136302,0.47528,0.47528,1,-999
10,gen=6_member=271_pso,0.79803,0.438425,1,0.210219,0.470495,0.470495,1,-999
10,gen=2_member=81_pso,0.720567,0.537063,1,0.20136,0.470495,0.470495,1,-999
10,gen=9_member=423_pso,0.925327,0.140953,1,0.150768,0.475957,0.475957,1,-999
10,gen=7_member=331_pso,0.523483,0.752224,1,0.0979522,0.481922,0.481922,1,-999
10,gen=9_member=403_pso,0.11764,0.941643,1,0.149971,0.475422,0.475422,1,-999
10,gen=4_member=185_pso,0.463856,0.781972,1,0.104123,0.478034,0.478034,1,-999
10,gen=5_member=223_pso,0.586617,0.711692,1,0.0596657,0.478435,0.478435,1,-999
10,gen=6_member=281_pso,0.21622,0.910454,1,0.133816,0.471953,0.471953,1,-999
10,gen=9_member=444_pso,0.186923,0.925097,1,0.128116,0.469295,0.469295,1,-999
10,gen=8_member=395_pso,0.902971,0.302742,1,0.125991,0.478577,0.478577,1,-999
10,gen=7_member=342_pso,0.909219,0.232796,1,0.11938,0.470824,0.470824,1,-999
10,gen=5_member=245_pso,0.803914,0.414513,1,0.105584,0.473302,0.473302,1,-999
10,gen=5_member=228_pso,0.640527,0.62572,1,0.0413367,0.479898,0.479898,1,-999
10,gen=7_member=327_pso,0.652553,0.611848,1,0.100873,0.479276,0.479276,1,-999
10,gen=0_member=6,0.603026,0.664925,1,0.0859664,0.482487,0.482487,1,-999
10,gen=4_member=176_pso,0.68742,0.573799,1,0.0939646,0.480594,0.480594,1,-999
10,gen=8_member=391_pso,0.482345,0.780223,1,0.034503,0.47528,0.47528,1,-999
10,gen=8_member=363_pso,0.957673,0.0584659,1,0.0670187,0.486003,0.486003,1,-999
10,gen=5_member=241_pso,0.861803,0.317682,1,0.0875209,0.478477,0.478477,1,-999
10,gen=1_member=11_pso,0.829876,0.366879,1,0.0870537,0.481159,0.481159,1,-999
10,gen=9_member=446_pso,0.0303578,0.964303,1,0.07004,0.462663,0.462663,1,-999
10,gen=8_member=354_pso,0.942913,0.0908938,1,0.0398041,0.481374,0.481374,1,-999
10,gen=8_member=397_pso,0.0671205,0.952314,1,0.0784631,0.471064,0.471064,1,-999
10,gen=9_member=443_pso,0.908,0.240486,1,0.0778472,0.469107,0.469107,1,-999
10,gen=6_member=260_pso,0.970744,0.0186872,1,0.0426917,0.481374,0.481374,1,-999
10,gen=8_member=358_pso,0.846289,0.33183,1,0.0673067,0.477804,0.477804,1,-999
10,gen=5_member=216_pso,0.595688,0.679683,1,0.0645219,0.481822,0.481822,1,-999
10,gen=6_member=288_pso,0.71953,0.557143,1,0.051809,0.472886,0.472886,1,-999
10,gen=2_member=97_pso,0.705026,0.572255,1,0.0497619,0.477613,0.477613,1,-999
10,gen=9_member=447_pso,0.061496,0.962403,1,0.0497377,0.469295,0.469295,1,-999
10,gen=9_member=413_pso,0.945929,0.0829371,1,0.0481883,0.483354,0.483354,1,-999
10,gen=9_member=435_pso,0.212264,0.910688,1,0.0448357,0.471149,0.471149,1,-999
10,gen=7_member=344_pso,0.834595,0.356398,1,0.0406475,0.479176,0.479176,1,-999
10,gen=8_member=353_pso,0.832099,0.357448,1,0.0155227,0.478961,0.478961,1,-999
10,gen=10_member=479_pso,0.981379,0.0021874,1,1e+30,0.476943,0.476943,1,-999
10,gen=10_member=472_pso,0.300713,0.867995,1,0.164014,1.47126,1.47126,1,-999
10,gen=10_member=480_pso,0.405342,0.805281,1,0.127778,0.472824,0.472824,1,-999
10,gen=10_member=493_pso,0.321182,0.854687,1,0.126479,0.471149,0.471149,1,-999
10,gen=10_member=498_pso,0.532365,0.720713,1,0.0880881,0.481292,0.481292,1,-999
10,gen=10_member=477_pso,0.6375,0.637279,1,0.0783015,0.478435,0.478435,1,-999
10,gen=10_member=491_pso,0.483288,0.767597,1,0.0705592,0.47553,0.47553,1,-999
10,gen=10_member=461_pso,0.93575,0.111732,1,0.0690868,0.476325,0.476325,1,-999
10,gen=10_member=500_pso,0.570467,0.712905,1,0.0645376,0.475951,0.475951,1,-999
10,gen=10_member=463_pso,0.968379,0.0397555,1,0.0539777,0.486114,0.486114,1,-999
10,gen=10_member=462_pso,0.00725043,0.976815,1,0.0471027,0.457254,0.457254,1,-999
11,gen=8_member=367_pso,0.000663145,0.980767,1,1e+30,0.455705,0.455705,1,-999
11,gen=10_member=479_pso,0.981379,0.0021874,1,1e+30,0.471995,0.471995,1,-999
11,gen=6_member=271_pso,0.79803,0.438425,1,0.0527916,0.470495,0.470495,1,-999
11,gen=2_member=81_pso,0.720567,0.537063,1,0.179004,0.470495,0.470495,1,-999
11,gen=10_member=472_pso,0.300713,0.867995,1,0.0287993,0.476596,0.476596,1,-999
11,gen=9_member=423_pso,0.925327,0.140953,1,0.107331,0.475957,0.475957,1,-999
11,gen=9_member=403_pso,0.11764,0.941643,1,0.116436,0.475422,0.475422,1,-999
11,gen=6_member=279_pso,0.398513,0.841812,2,1e+30,0.47531,0.47531,1,-999
11,gen=6_member=281_pso,0.21622,0.910454,1,0.0509337,0.475854,0.475854,1,-999
11,gen=9_member=444_pso,0.186923,0.925097,1,0.0740981,0.471064,0.471064,1,-999
11,gen=10_member=480_pso,0.405342,0.805281,1,0.167263,0.476738,0.476738,1,-999
11,gen=10_member=493_pso,0.321182,0.854687,1,0.0753507,0.476738,0.476738,1,-999
11,gen=8_member=395_pso,0.902971,0.302742,2,1e+30,0.479176,0.479176,1,-999
11,gen=7_member=342_pso,0.909219,0.232796,1,0.0525379,0.476819,0.476819,1,-999
11,gen=5_member=245_pso,0.803914,0.414513,1,0.105584,0.473302,0.473302,1,-999
11,gen=4_member=185_pso,0.463856,0.781972,1,0.10567,0.478034,0.478034,1,-999
11,gen=7_member=327_pso,0.652553,0.611848,1,0.100873,0.478809,0.478809,1,-999
11,gen=7_member=331_pso,0.523483,0.752224,1,0.110269,0.481922,0.481922,1,-999
11,gen=4_member=176_pso,0.68742,0.573799,1,0.0939646,0.470765,0.470765,1,-999
11,gen=10_member=498_pso,0.532365,0.720713,1,0.0880881,0.481292,0.481292,1,-999
11,gen=5_member=241_pso,0.861803,0.317682,1,0.0837451,0.4822,0.4822,1,-999
11,gen=1_member=11_pso,0.829876,0.366879,1,0.0870537,0.478243,0.478243,1,-999
11,gen=0_member=6,0.603026,0.664925,1,0.0859664,0.478462,0.478462,1,-999
11,gen=8_member=397_pso,0.0671205,0.952314,1,0.0784631,0.471064,0.471064,1,-999
11,gen=10_member=477_pso,0.6375,0.637279,1,0.0783015,0.477613,0.477613,1,-999
11,gen=9_member=443_pso,0.908,0.240486,1,0.0293631,0.475957,0.475957,1,-999
11,gen=10_member=491_pso,0.483288,0.767597,2,1.71957,0.47553,0.47553,1,-999
11,gen=9_member=446_pso,0.0303578,0.964303,1,0.07004,0.462663,0.462663,1,-999
11,gen=10_member=461_pso,0.93575,0.111732,1,0.0690868,0.476325,0.476325,1,-999
11,gen=8_member=358_pso,0.846289,0.33183,1,0.0673067,0.477804,0.477804,1,-999
11,gen=8_member=363_pso,0.957673,0.0584659,1,0.0670187,0.485185,0.485185,1,-999
11,gen=10_member=500_pso,0.570467,0.712905,1,0.0645376,0.47553,0.47553,1,-999
11,gen=5_member=216_pso,0.595688,0.679683,1,0.0645219,0.478809,0.478809,1,-999
11,gen=5_member=223_pso,0.586617,0.711692,1,0.0596657,0.475856,0.475856,1,-999
11,gen=10_member=463_pso,0.968379,0.0397555,1,0.0539777,0.480994,0.480994,1,-999
11,gen=6_member=288_pso,0.71953,0.557143,1,0.051809,0.469697,0.469697,1,-999
11,gen=2_member=97_pso,0.705026,0.572255,1,0.0497619,0.467768,0.467768,1,-999
11,gen=9_member=447_pso,0.061496,0.962403,1,0.0497377,0.469295,0.469295,1,-999
11,gen=9_member=413_pso,0.945929,0.0829371,1,0.0481883,0.480079,0.480079,1,-999
11,gen=10_member=462_pso,0.00725043,0.976815,1,0.0471027,0.457254,0.457254,1,-999
11,gen=9_member=435_pso,0.212264,0.910688,1,0.0448357,0.476291,0.476291,1,-999
11,gen=6_member=260_pso,0.970744,0.0186872,1,0.0426917,0.476325,0.476325,1,-999
11,gen=5_member=228_pso,0.640527,0.62572,1,0.0413367,0.475856,0.475856,1,-999
11,gen=7_member=344_pso,0.834595,0.356398,1,0.0406475,0.479176,0.479176,1,-999
11,gen=8_member=354_pso,0.942913,0.0908938,1,0.0398041,0.478126,0.478126,1,-999
11,gen=8_member=391_pso,0.482345,0.780223,2,0.305723,0.47528,0.47528,1,-999
11,gen=4_member=200_pso,0.976009,0.00559077,1,0.0277046,0.473144,0.473144,1,-999
11,gen=8_member=353_pso,0.832099,0.357448,1,0.0155227,0.478961,0.478961,1,-999
11,gen=11_member=502_pso,0.78185,0.444158,1,0.179783,0.469697,0.469697,1,-999
11,gen=11_member=527_pso,0.353321,0.835358,1,0.136302,1.47171,1.47171,1,-999
11,gen=11_member=540_pso,0.253687,0.902178,1,0.112387,0.480185,0.480185,1,-999
11,gen=11_member=506_pso,0.92296,0.204001,1,0.110279,0.476022,0.476022,1,-999
11,gen=11_member=546_pso,0.892191,0.29568,1,0.105729,1.47992,1.47992,1,-999
11,gen=11_member=512_pso,0.471062,0.767452,1,0.091198,2.47531,2.47531,1,-999
11,gen=11_member=508_pso,0.161377,0.932423,1,0.0875532,0.475221,0.475221,1,-999
11,gen=11_member=520_pso,0.288712,0.872809,1,0.0828824,0.479543,0.479543,1,-999
11,gen=11_member=518_pso,0.906956,0.259272,1,0.0725218,0.477423,0.477423,1,-999
11,gen=11_member=538_pso,0.304483,0.860363,1,0.0344708,0.475854,0.475854,1,-999
12,gen=8_member=367_pso,0.000663145,0.980767,1,1e+30,0.463343,0.463343,1,-999
12,gen=10_member=479_pso,0.981379,0.0021874,1,1e+30,0.471995,0.471995,1,-999
12,gen=11_member=502_pso,0.78185,0.444158,1,0.179783,0.473643,0.473643,1,-999
12,gen=2_member=81_pso,0.720567,0.537063,1,0.179004,0.470495,0.470495,1,-999
12,gen=10_member=480_pso,0.405342,0.805281,1,0.167263,0.469592,0.469592,1,-999
12,gen=11_member=527_pso,0.353321,0.835358,1,0.136302,0.471087,0.471087,1,-999
12,gen=9_member=403_pso,0.11764,0.941643,1,0.060664,0.478429,0.478429,1,-999
12,gen=11_member=540_pso,0.253687,0.902178,1,0.112387,0.480185,0.480185,1,-999
12,gen=11_member=506_pso,0.92296,0.204001,1,0.110279,0.476939,0.476939,1,-999
12,gen=7_member=331_pso,0.523483,0.752224,1,0.110269,0.475658,0.475658,1,-999
12,gen=9_member=423_pso,0.925327,0.140953,1,0.107331,0.475957,0.475957,1,-999
12,gen=11_member=546_pso,0.892191,0.29568,1,0.0967949,0.479918,0.479918,1,-999
12,gen=4_member=185_pso,0.463856,0.781972,1,0.10567,0.47014,0.47014,1,-999
12,gen=5_member=245_pso,0.803914,0.414513,1,0.0820316,0.477804,0.477804,1,-999
12,gen=7_member=327_pso,0.652553,0.611848,1,0.100873,0.478809,0.478809,1,-999
12,gen=4_member=176_pso,0.68742,0.573799,1,0.0939646,0.470765,0.470765,1,-999
12,gen=11_member=512_pso,0.471062,0.767452,1,0.091198,0.469858,0.469858,1,-999
12,gen=10_member=498_pso,0.532365,0.720713,1,0.0812809,0.478462,0.478462,1,-999
12,gen=11_member=508_pso,0.161377,0.932423,2,1e+30,0.477024,0.477024,1,-999
12,gen=1_member=11_pso,0.829876,0.366879,1,0.0354578,0.481159,0.481159,1,-999
12,gen=0_member=6,0.603026,0.664925,1,0.0859664,0.482487,0.482487,1,-999
12,gen=5_member=241_pso,0.861803,0.317682,1,0.0837451,0.4822,0.4822,1,-999
12,gen=11_member=520_pso,0.288712,0.872809,1,0.0828824,0.479543,0.479543,1,-999
12,gen=8_member=397_pso,0.0671205,0.952314,1,0.0616415,0.479268,0.479268,1,-999
12,gen=10_member=477_pso,0.6375,0.637279,1,0.0783015,0.477613,0.477613,1,-999
12,gen=10_member=493_pso,0.321182,0.854687,1,0.0753507,0.471953,0.471953,1,-999
12,gen=9_member=444_pso,0.186923,0.925097,1,0.0842735,0.480457,0.480457,1,-999
12,gen=11_member=518_pso,0.906956,0.259272,2,1e+30,0.477423,0.477423,1,-999
12,gen=9_member=446_pso,0.0303578,0.964303,1,0.07004,0.470568,0.470568,1,-999
12,gen=10_member=461_pso,0.93575,0.111732,1,0.0690868,0.476325,0.476325,1,-999
12,gen=8_member=358_pso,0.846289,0.33183,1,0.0673067,0.47843,0.47843,1,-999
12,gen=8_member=363_pso,0.957673,0.0584659,1,0.0670187,0.485185,0.485185,1,-999
12,gen=10_member=500_pso,0.570467,0.712905,1,0.0245139,0.475951,0.475951,1,-999
12,gen=5_member=216_pso,0.595688,0.679683,1,0.0645219,0.481822,0.481822,1,-999
12,gen=5_member=223_pso,0.586617,0.711692,1,0.0596657,0.478435,0.478435,1,-999
12,gen=10_member=463_pso,0.968379,0.0397555,1,0.0539777,0.480994,0.480994,1,-999
12,gen=6_member=271_pso,0.79803,0.438425,1,0.0527916,0.472364,0.472364,1,-999
12,gen=7_member=342_pso,0.909219,0.232796,1,0.0525379,0.476819,0.476819,1,-999
12,gen=6_member=288_pso,0.71953,0.557143,1,0.051809,0.469697,0.469697,1,-999
12,gen=6_member=281_pso,0.21622,0.910454,1,0.0509337,0.477427,0.477427,1,-999
12,gen=2_member=97_pso,0.705026,0.572255,1,0.0497619,0.467768,0.467768,1,-999
12,gen=9_member=447_pso,0.061496,0.962403,1,0.0497377,0.477395,0.477395,1,-999
12,gen=9_member=413_pso,0.945929,0.0829371,1,0.0481883,0.480079,0.480079,1,-999
12,gen=10_member=462_pso,0.00725043,0.976815,1,0.0471027,0.464952,0.464952,1,-999
12,gen=9_member=435_pso,0.212264,0.910688,1,0.0448357,0.476596,0.476596,1,-999
12,gen=6_member=260_pso,0.970744,0.0186872,1,0.0426917,0.476325,0.476325,1,-999
12,gen=5_member=228_pso,0.640527,0.62572,1,0.0413367,0.475856,0.475856,1,-999
12,gen=7_member=344_pso,0.834595,0.356398,1,0.0406475,0.479918,0.479918,1,-999
12,gen=8_member=354_pso,0.942913,0.0908938,1,0.0398041,0.478126,0.478126,1,-999
12,gen=11_member=538_pso,0.304483,0.860363,1,0.0344708,0.475046,0.475046,1,-999
12,gen=9_member=443_pso,0.908,0.240486,1,0.0382969,0.475957,0.475957,1,-999
12,gen=10_member=472_pso,0.300713,0.867995,1,0.0287993,0.476596,0.476596,1,-999
12,gen=4_member=200_pso,0.976009,0.00559077,1,0.0277046,0.473144,0.473144,1,-999
12,gen=8_member=353_pso,0.832099,0.357448,1,0.0155227,0.479346,0.479346,1,-999
12,gen=12_member=595_pso,0.151292,0.932318,1,0.0875532,1.47927,1.47927,1,-999
12,gen=12_member=569_pso,0.894624,0.255711,1,0.0725218,1.47843,1.47843,1,-999
12,gen=12_member=568_pso,0.82985,0.389902,1,0.075148,0.482523,0.482523,1,-999
12,gen=12_member=566_pso,0.10946,0.949941,1,0.062418,0.480457,0.480457,1,-999
12,gen=12_member=598_pso,0.565046,0.714157,1,0.046831,0.474915,0.474915,1,-999
13,gen=10_member=479_pso,0.981379,0.0021874,1,1e+30,0.471995,0.471995,1,-999
13,gen=8_member=367_pso,0.000663145,0.980767,1,1e+30,0.462369,0.462369,1,-999
13,gen=11_member=502_pso,0.78185,0.444158,1,0.0806865,0.475649,0.475649,1,-999
13,gen=2_member=81_pso,0.720567,0.537063,1,0.0884648,0.473643,0.473643,1,-999
13,gen=10_member=480_pso,0.405342,0.805281,1,0.167263,0.468435,0.468435,1,-999
13,gen=11_member=527_pso,0.353321,0.835358,1,0.136302,0.471087,0.471087,1,-999
13,gen=11_member=540_pso,0.253687,0.902178,1,0.0905065,0.480185,0.480185,1,-999
13,gen=11_member=506_pso,0.92296,0.204001,2,2,0.476939,0.476939,1,-999
13,gen=7_member=331_pso,0.523483,0.752224,1,0.110269,0.472121,0.472121,1,-999
13,gen=9_member=423_pso,0.925327,0.140953,1,0.082264,0.477727,0.477727,1,-999
13,gen=4_member=185_pso,0.463856,0.781972,1,0.10567,0.466972,0.466972,1,-999
13,gen=7_member=327_pso,0.652553,0.611848,1,0.0724314,0.478809,0.478809,1,-999
13,gen=11_member=546_pso,0.892191,0.29568,2,1e+30,0.479918,0.479918,1,-999
13,gen=4_member=176_pso,0.68742,0.573799,1,0.0479719,0.477068,0.477068,1,-999
13,gen=11_member=512_pso,0.471062,0.767452,1,0.091198,0.468182,0.468182,1,-999
13,gen=12_member=595_pso,0.151292,0.932318,1,0.0534018,0.477395,0.477395,1,-999
13,gen=0_member=6,0.603026,0.664925,1,0.0859664,0.478462,0.478462,1,-999
13,gen=9_member=444_pso,0.186923,0.925097,1,0.0747141,0.476855,0.476855,1,-999
13,gen=5_member=241_pso,0.861803,0.317682,1,0.0699738,0.481007,0.481007,1,-999
13,gen=11_member=520_pso,0.288712,0.872809,1,0.0390367,0.479543,0.479543,1,-999
13,gen=5_member=245_pso,0.803914,0.414513,1,0.0820316,0.477804,0.477804,1,-999
13,gen=10_member=498_pso,0.532365,0.720713,1,0.0812809,0.478034,0.478034,1,-999
13,gen=10_member=477_pso,0.6375,0.637279,1,0.0783015,0.477613,0.477613,1,-999
13,gen=10_member=493_pso,0.321182,0.854687,1,0.0753507,0.471953,0.471953,1,-999
13,gen=12_member=568_pso,0.82985,0.389902,1,0.075148,0.481007,0.481007,1,-999
13,gen=12_member=569_pso,0.894624,0.255711,1,0.0862932,0.479386,0.479386,1,-999
13,gen=9_member=446_pso,0.0303578,0.964303,1,0.07004,0.469624,0.469624,1,-999
13,gen=10_member=461_pso,0.93575,0.111732,1,0.0690868,0.477705,0.477705,1,-999
13,gen=8_member=358_pso,0.846289,0.33183,1,0.0673067,0.47843,0.47843,1,-999
13,gen=8_member=363_pso,0.957673,0.0584659,1,0.0824289,0.485185,0.485185,1,-999
13,gen=5_member=216_pso,0.595688,0.679683,1,0.0645219,0.478809,0.478809,1,-999
13,gen=12_member=566_pso,0.10946,0.949941,1,0.062418,0.474905,0.474905,1,-999
13,gen=8_member=397_pso,0.0671205,0.952314,1,0.0616415,0.478309,0.478309,1,-999
13,gen=9_member=403_pso,0.11764,0.941643,1,0.060664,0.476291,0.476291,1,-999
13,gen=5_member=223_pso,0.586617,0.711692,1,0.0596657,0.475856,0.475856,1,-999
13,gen=10_member=463_pso,0.968379,0.0397555,2,1e+30,0.480994,0.480994,1,-999
13,gen=6_member=271_pso,0.79803,0.438425,1,0.0527916,0.478513,0.478513,1,-999
13,gen=7_member=342_pso,0.909219,0.232796,1,0.0286865,0.477727,0.477727,1,-999
13,gen=6_member=288_pso,0.71953,0.557143,1,0.051809,0.475146,0.475146,1,-999
13,gen=6_member=281_pso,0.21622,0.910454,1,0.0509337,0.477427,0.477427,1,-999
13,gen=2_member=97_pso,0.705026,0.572255,1,0.0497619,0.477613,0.477613,1,-999
13,gen=9_member=447_pso,0.061496,0.962403,1,0.0497377,0.476331,0.476331,1,-999
13,gen=9_member=413_pso,0.945929,0.0829371,1,0.0481883,0.480079,0.480079,1,-999
13,gen=10_member=462_pso,0.00725043,0.976815,1,0.0471027,0.463985,0.463985,1,-999
13,gen=12_member=598_pso,0.565046,0.714157,1,0.046831,0.474374,0.474374,1,-999
13,gen=9_member=435_pso,0.212264,0.910688,1,0.0448357,0.476596,0.476596,1,-999
13,gen=6_member=260_pso,0.970744,0.0186872,1,0.0272815,0.476325,0.476325,1,-999
13,gen=5_member=228_pso,0.640527,0.62572,1,0.0413367,0.475856,0.475856,1,-999
13,gen=7_member=344_pso,0.834595,0.356398,1,0.0406475,0.479918,0.479918,1,-999
13,gen=8_member=354_pso,0.942913,0.0908938,1,0.0398041,0.47942,0.47942,1,-999
13,gen=9_member=443_pso,0.908,0.240486,1,0.0382969,0.478477,0.478477,1,-999
13,gen=1_member=11_pso,0.829876,0.366879,1,0.0354578,0.479021,0.479021,1,-999
13,gen=11_member=538_pso,0.304483,0.860363,1,0.0344708,0.475046,0.475046,1,-999
13,gen=10_member=472_pso,0.300713,0.867995,1,0.0287993,0.476596,0.476596,1,-999
13,gen=4_member=200_pso,0.976009,0.00559077,1,0.0277046,0.473144,0.473144,1,-999
13,gen=10_member=500_pso,0.570467,0.712905,1,0.0245139,0.473519,0.473519,1,-999
13,gen=8_member=353_pso,0.832099,0.357448,1,0.0155227,0.479346,0.479346,1,-999
13,gen=13_member=635_pso,0.761133,0.512086,1,0.0990963,0.474712,0.474712,1,-999
13,gen=13_member=621_pso,0.874514,0.291519,1,0.0967949,1.48114,1.48114,1,-999
13,gen=13_member=627_pso,0.915842,0.17237,1,0.0906933,1.47939,1.47939,1,-999
13,gen=13_member=607_pso,0.761449,0.480882,1,0.0905396,0.473076,0.473076,1,-999
13,gen=13_member=631_pso,0.675175,0.589414,1,0.0744343,0.475186,0.475186,1,-999
13,gen=13_member=637_pso,0.911405,0.215812,1,0.0685035,0.479797,0.479797,1,-999
13,gen=13_member=603_pso,0.270959,0.876507,1,0.0657265,0.477996,0.477996,1,-999
13,gen=13_member=649_pso,0.967749,0.0240469,1,0.0539777,1.47771,1.47771,1,-999
13,gen=13_member=613_pso,0.153731,0.925397,1,0.0437108,0.476331,0.476331,1,-999
14,gen=8_member=367_pso,0.000663145,0.980767,1,1e+30,0.462369,0.462369,1,-999
14,gen=10_member=479_pso,0.981379,0.0021874,1,0.0105944,0.476943,0.476943,1,-999
14,gen=10_member=480_pso,0.405342,0.805281,1,0.0893879,0.472831,0.472831,1,-999
14,gen=11_member=527_pso,0.353321,0.835358,1,0.0596791,0.477996,0.477996,1,-999
14,gen=7_member=331_pso,0.523483,0.752224,1,0.110168,0.475658,0.475658,1,-999
14,gen=4_member=185_pso,0.463856,0.781972,1,0.0547441,0.471087,0.471087,1,-999
14,gen=13_member=635_pso,0.761133,0.512086,1,0.0990251,0.477068,0.477068,1,-999
14,gen=13_member=621_pso,0.874514,0.291519,1,0.0960154,0.481141,0.481141,1,-999
14,gen=11_member=512_pso,0.471062,0.767452,1,0.0911025,0.473174,0.473174,1,-999
14,gen=13_member=627_pso,0.915842,0.17237,1,0.0906601,0.479386,0.479386,1,-999
14,gen=13_member=607_pso,0.761449,0.480882,1,0.0904972,0.474521,0.474521,1,-999
14,gen=11_member=540_pso,0.253687,0.902178,2,1.2327,0.482955,0.482955,1,-999
14,gen=2_member=81_pso,0.720567,0.537063,1,0.0883943,0.475944,0.475944,1,-999
14,gen=12_member=569_pso,0.894624,0.255711,2,1e+30,0.47843,0.47843,1,-999
14,gen=0_member=6,0.603026,0.664925,1,0.085896,0.478462,0.478462,1,-999
14,gen=8_member=363_pso,0.957673,0.0584659,1,0.0419022,0.485185,0.485185,1,-999
14,gen=9_member=423_pso,0.925327,0.140953,1,0.082224,0.477727,0.477727,1,-999
14,gen=5_member=245_pso,0.803914,0.414513,1,0.0819754,0.477804,0.477804,1,-999
14,gen=10_member=498_pso,0.532365,0.720713,1,0.0812115,0.478034,0.478034,1,-999
14,gen=11_member=502_pso,0.78185,0.444158,1,0.0806241,0.475649,0.475649,1,-999
14,gen=10_member=477_pso,0.6375,0.637279,1,0.0782381,0.477613,0.477613,1,-999
14,gen=10_member=493_pso,0.321182,0.854687,1,0.0607203,0.480185,0.480185,1,-999
14,gen=12_member=568_pso,0.82985,0.389902,1,0.0751009,0.481007,0.481007,1,-999
14,gen=9_member=444_pso,0.186923,0.925097,1,0.0775439,0.480457,0.480457,1,-999
14,gen=13_member=631_pso,0.675175,0.589414,1,0.0743751,0.483258,0.483258,1,-999
14,gen=7_member=327_pso,0.652553,0.611848,1,0.0723728,0.479276,0.479276,1,-999
14,gen=9_member=446_pso,0.0303578,0.964303,1,0.0699551,0.469624,0.469624,1,-999
14,gen=5_member=241_pso,0.861803,0.317682,1,0.0699243,0.481007,0.481007,1,-999
14,gen=10_member=461_pso,0.93575,0.111732,1,0.069052,0.476325,0.476325,1,-999
14,gen=13_member=637_pso,0.911405,0.215812,1,0.0684837,0.474633,0.474633,1,-999
14,gen=8_member=358_pso,0.846289,0.33183,1,0.0672591,0.477804,0.477804,1,-999
14,gen=13_member=603_pso,0.270959,0.876507,1,0.113616,0.483222,0.483222,1,-999
14,gen=5_member=216_pso,0.595688,0.679683,1,0.0644895,0.478809,0.478809,1,-999
14,gen=12_member=566_pso,0.10946,0.949941,1,0.0623394,0.474905,0.474905,1,-999
14,gen=8_member=397_pso,0.0671205,0.952314,1,0.0615665,0.478309,0.478309,1,-999
14,gen=9_member=403_pso,0.11764,0.941643,1,0.0605975,0.47683,0.47683,1,-999
14,gen=5_member=223_pso,0.586617,0.711692,1,0.059622,0.475856,0.475856,1,-999
14,gen=13_member=649_pso,0.967749,0.0240469,1,0.0490095,0.482786,0.482786,1,-999
14,gen=12_member=595_pso,0.151292,0.932318,1,0.0533442,0.479268,0.479268,1,-999
14,gen=6_member=271_pso,0.79803,0.438425,1,0.0527533,0.478513,0.478513,1,-999
14,gen=6_member=288_pso,0.71953,0.557143,1,0.0401496,0.479151,0.479151,1,-999
14,gen=6_member=281_pso,0.21622,0.910454,2,0.0736981,0.48038,0.48038,1,-999
14,gen=2_member=97_pso,0.705026,0.572255,2,1.9263,0.479898,0.479898,1,-999
14,gen=9_member=447_pso,0.061496,0.962403,1,0.0496798,0.476331,0.476331,1,-999
14,gen=9_member=413_pso,0.945929,0.0829371,1,0.0481607,0.480079,0.480079,1,-999
14,gen=4_member=176_pso,0.68742,0.573799,1,0.0595539,0.480594,0.480594,1,-999
14,gen=10_member=462_pso,0.00725043,0.976815,1,0.0470549,0.463985,0.463985,1,-999
14,gen=12_member=598_pso,0.565046,0.714157,1,0.0467717,0.474374,0.474374,1,-999
14,gen=9_member=435_pso,0.212264,0.910688,2,1e+30,0.479543,0.479543,1,-999
14,gen=13_member=613_pso,0.153731,0.925397,1,0.0436554,0.478309,0.478309,1,-999
14,gen=5_member=228_pso,0.640527,0.62572,1,0.0413097,0.478131,0.478131,1,-999
14,gen=7_member=344_pso,0.834595,0.356398,1,0.0406218,0.478513,0.478513,1,-999
14,gen=8_member=354_pso,0.942913,0.0908938,1,0.039784,0.47942,0.47942,1,-999
14,gen=11_member=520_pso,0.288712,0.872809,1,0.0389901,0.48038,0.48038,1,-999
14,gen=9_member=443_pso,0.908,0.240486,1,0.0389906,0.475957,0.475957,1,-999
14,gen=1_member=11_pso,0.829876,0.366879,1,0.0354492,0.479021,0.479021,1,-999
14,gen=11_member=538_pso,0.304483,0.860363,1,0.0344375,0.478405,0.478405,1,-999
14,gen=10_member=472_pso,0.300713,0.867995,1,0.0287733,0.477427,0.477427,1,-999
14,gen=7_member=342_pso,0.909219,0.232796,1,0.0286774,0.476819,0.476819,1,-999
14,gen=4_member=200_pso,0.976009,0.00559077,1,0.0276857,0.478126,0.478126,1,-999
14,gen=6_member=260_pso,0.970744,0.0186872,1,0.027266,0.481374,0.481374,1,-999
14,gen=10_member=500_pso,0.570467,0.712905,1,0.0244807,0.473519,0.473519,1,-999
14,gen=8_member=353_pso,0.832099,0.357448,1,0.0155139,0.478961,0.478961,1,-999
14,gen=14_member=672_pso,0.982845,0.00203416,1,1e+30,0.476776,0.476776,1,-999
14,gen=14_member=700_pso,0.206335,0.901921,1,0.135206,3.47907,3.47907,1,-999
14,gen=14_member=688_pso,0.884436,0.246262,1,0.086234,1.47763,1.47763,1,-999
14,gen=14_member=661_pso,0.387767,0.825516,1,0.0836948,0.476902,0.476902,1,-999
14,gen=14_member=654_pso,0.452566,0.8026,1,0.0833917,0.472879,0.472879,1,-999
14,gen=14_member=679_pso,0.344361,0.840672,1,0.0524712,0.480381,0.480381,1,-999
14,gen=14_member=691_pso,0.704024,0.559873,1,0.0497104,1.47813,1.47813,1,-999
14,gen=14_member=696_pso,0.960039,0.0559863,1,0.045426,0.485773,0.485773,1,-999
15,gen=8_member=367_pso,0.000663145,0.980767,1,1e+30,0.467786,0.467786,1,-999
15,gen=14_member=672_pso,0.982845,0.00203416,1,1e+30,0.476776,0.476776,1,-999
15,gen=14_member=700_pso,0.206335,0.901921,1,0.109573,0.479072,0.479072,1,-999
15,gen=13_member=603_pso,0.270959,0.876507,1,0.113616,0.477996,0.477996,1,-999
15,gen=7_member=331_pso,0.523483,0.752224,2,1.37582,0.479159,0.479159,1,-999
15,gen=13_member=635_pso,0.761133,0.512086,1,0.104439,0.480219,0.480219,1,-999
15,gen=13_member=621_pso,0.874514,0.291519,1,0.0960154,0.479797,0.479797,1,-999
15,gen=11_member=512_pso,0.471062,0.767452,1,0.100926,0.474374,0.474374,1,-999
15,gen=13_member=627_pso,0.915842,0.17237,1,0.0733902,0.47942,0.47942,1,-999
15,gen=13_member=607_pso,0.761449,0.480882,2,1.22008,0.479176,0.479176,1,-999
15,gen=10_member=480_pso,0.405342,0.805281,1,0.0893879,0.472831,0.472831,1,-999
15,gen=2_member=81_pso,0.720567,0.537063,1,0.0883943,0.479839,0.479839,1,-999
15,gen=14_member=688_pso,0.884436,0.246262,1,0.132181,0.477627,0.477627,1,-999
15,gen=0_member=6,0.603026,0.664925,1,0.0678202,0.482487,0.482487,1,-999
15,gen=14_member=661_pso,0.387767,0.825516,1,0.0836948,0.476902,0.476902,1,-999
15,gen=14_member=654_pso,0.452566,0.8026,1,0.0833917,0.472961,0.472961,1,-999
15,gen=9_member=423_pso,0.925327,0.140953,1,0.082224,0.478061,0.478061,1,-999
15,gen=5_member=245_pso,0.803914,0.414513,1,0.0443007,0.484094,0.484094,1,-999
15,gen=10_member=498_pso,0.532365,0.720713,1,0.0713883,0.478462,0.478462,1,-999
15,gen=11_member=502_pso,0.78185,0.444158,1,0.0595499,0.482523,0.482523,1,-999
15,gen=10_member=477_pso,0.6375,0.637279,1,0.0329673,0.478435,0.478435,1,-999
15,gen=9_member=444_pso,0.186923,0.925097,2,0.728134,0.480457,0.480457,1,-999
15,gen=12_member=568_pso,0.82985,0.389902,1,0.0612231,0.482523,0.482523,1,-999
15,gen=13_member=631_pso,0.675175,0.589414,1,0.0743751,0.482385,0.482385,1,-999
15,gen=7_member=327_pso,0.652553,0.611848,1,0.0723728,0.479276,0.479276,1,-999
15,gen=9_member=446_pso,0.0303578,0.964303,1,0.0463093,0.475239,0.475239,1,-999
15,gen=5_member=241_pso,0.861803,0.317682,1,0.0699243,0.478477,0.478477,1,-999
15,gen=10_member=461_pso,0.93575,0.111732,1,0.069052,0.477705,0.477705,1,-999
15,gen=13_member=637_pso,0.911405,0.215812,2,1e+30,0.474633,0.474633,1,-999
15,gen=8_member=358_pso,0.846289,0.33183,1,0.0672591,0.477804,0.477804,1,-999
15,gen=5_member=216_pso,0.595688,0.679683,1,0.0644895,0.481822,0.481822,1,-999
15,gen=12_member=566_pso,0.10946,0.949941,1,0.0623394,0.480678,0.480678,1,-999
15,gen=8_member=397_pso,0.0671205,0.952314,1,0.0615665,0.482557,0.482557,1,-999
15,gen=10_member=493_pso,0.321182,0.854687,1,0.0607203,0.476738,0.476738,1,-999
15,gen=9_member=403_pso,0.11764,0.941643,1,0.0391851,0.482805,0.482805,1,-999
15,gen=11_member=527_pso,0.353321,0.835358,1,0.0596791,0.477996,0.477996,1,-999
15,gen=5_member=223_pso,0.586617,0.711692,1,0.059622,0.480823,0.480823,1,-999
15,gen=4_member=176_pso,0.68742,0.573799,1,0.0595539,0.477839,0.477839,1,-999
15,gen=4_member=185_pso,0.463856,0.781972,1,0.0547441,0.471295,0.471295,1,-999
15,gen=12_member=595_pso,0.151292,0.932318,2,1e+30,0.48476,0.48476,1,-999
15,gen=6_member=271_pso,0.79803,0.438425,1,0.0527533,0.481159,0.481159,1,-999
15,gen=14_member=679_pso,0.344361,0.840672,1,0.0524712,0.480381,0.480381,1,-999
15,gen=14_member=691_pso,0.704024,0.559873,1,0.0497104,0.476722,0.476722,1,-999
15,gen=9_member=447_pso,0.061496,0.962403,1,0.0496798,0.482041,0.482041,1,-999
15,gen=13_member=649_pso,0.967749,0.0240469,1,0.0490095,0.482786,0.482786,1,-999
15,gen=9_member=413_pso,0.945929,0.0829371,1,0.0481607,0.480079,0.480079,1,-999
15,gen=10_member=462_pso,0.00725043,0.976815,1,0.0343905,0.469447,0.469447,1,-999
15,gen=12_member=598_pso,0.565046,0.714157,1,0.0467717,0.477636,0.477636,1,-999
15,gen=14_member=696_pso,0.960039,0.0559863,1,0.045426,0.485773,0.485773,1,-999
15,gen=13_member=613_pso,0.153731,0.925397,2,0.0569542,0.486002,0.486002,1,-999
15,gen=8_member=363_pso,0.957673,0.0584659,1,0.0419022,0.485185,0.485185,1,-999
15,gen=5_member=228_pso,0.640527,0.62572,1,0.0413097,0.478131,0.478131,1,-999
15,gen=7_member=344_pso,0.834595,0.356398,1,0.0406218,0.481654,0.481654,1,-999
15,gen=6_member=288_pso,0.71953,0.557143,1,0.0401496,0.478071,0.478071,1,-999
15,gen=8_member=354_pso,0.942913,0.0908938,1,0.039784,0.47942,0.47942,1,-999
15,gen=9_member=443_pso,0.908,0.240486,2,0.540649,0.475957,0.475957,1,-999
15,gen=11_member=520_pso,0.288712,0.872809,1,0.0389901,0.47681,0.47681,1,-999
15,gen=1_member=11_pso,0.829876,0.366879,1,0.0354492,0.481159,0.481159,1,-999
15,gen=11_member=538_pso,0.304483,0.860363,1,0.0344375,0.474702,0.474702,1,-999
15,gen=10_member=472_pso,0.300713,0.867995,1,0.0287733,0.476125,0.476125,1,-999
15,gen=7_member=342_pso,0.909219,0.232796,2,0.0389168,0.476819,0.476819,1,-999
15,gen=4_member=200_pso,0.976009,0.00559077,1,0.0276857,0.478126,0.478126,1,-999
15,gen=6_member=260_pso,0.970744,0.0186872,1,0.027266,0.481374,0.481374,1,-999
15,gen=10_member=500_pso,0.570467,0.712905,1,0.0244807,0.478617,0.478617,1,-999
15,gen=8_member=353_pso,0.832099,0.357448,1,0.0155139,0.481141,0.481141,1,-999
15,gen=10_member=479_pso,0.981379,0.0021874,1,0.0105944,0.476943,0.476943,1,-999
15,gen=15_member=737_pso,0.515161,0.734318,1,0.110168,1.47787,1.47787,1,-999
15,gen=15_member=747_pso,0.906533,0.194055,1,0.107474,3.4756,3.4756,1,-999
15,gen=15_member=748_pso,0.152955,0.921334,1,0.0907009,2.48619,2.48619,1,-999
15,gen=15_member=701_pso,0.200277,0.913316,1,0.074183,0.479075,0.479075,1,-999
15,gen=15_member=717_pso,0.623383,0.640903,1,0.0633466,0.478617,0.478617,1,-999
15,gen=15_member=744_pso,0.129177,0.931237,1,0.0567052,1.48232,1.48232,1,-999
15,gen=15_member=722_pso,0.761361,0.475496,1,0.0532776,1.48009,1.48009,1,-999
15,gen=15_member=732_pso,0.771311,0.470084,1,0.0528801,0.479839,0.479839,1,-999
15,gen=15_member=746_pso,0.817419,0.414388,1,0.0515524,0.482554,0.482554,1,-999
15,gen=15_member=706_pso,0.0289941,0.97534,1,0.0363102,0.474055,0.474055,1,-999
16,gen=8_member=367_pso,0.000663145,0.980767,1,1e+30,0.473243,0.473243,1,-999
16,gen=14_member=672_pso,0.982845,0.00203416,1,1e+30,0.476776,0.476776,1,-999
16,gen=14_member=688_pso,0.884436,0.246262,1,0.132181,0.4715,0.4715,1,-999
16,gen=13_member=603_pso,0.270959,0.876507,1,0.113616,0.477996,0.477996,1,-999
16,gen=15_member=737_pso,0.515161,0.734318,1,0.110168,0.477867,0.477867,1,-999
16,gen=14_member=700_pso,0.206335,0.901921,1,0.126323,0.476125,0.476125,1,-999
16,gen=15_member=747_pso,0.906533,0.194055,1,0.107474,0.472167,0.472167,1,-999
16,gen=13_member=635_pso,0.761133,0.512086,1,0.104439,0.477068,0.477068,1,-999
16,gen=11_member=512_pso,0.471062,0.767452,1,0.100926,0.474374,0.474374,1,-999
16,gen=13_member=621_pso,0.874514,0.291519,1,0.0960154,0.474373,0.474373,1,-999
16,gen=15_member=748_pso,0.152955,0.921334,1,0.0739516,0.476132,0.476132,1,-999
16,gen=10_member=480_pso,0.405342,0.805281,1,0.0893879,0.472831,0.472831,1,-999
16,gen=2_member=81_pso,0.720567,0.537063,1,0.0883943,0.475944,0.475944,1,-999
16,gen=14_member=661_pso,0.387767,0.825516,1,0.0836948,0.476902,0.476902,1,-999
16,gen=14_member=654_pso,0.452566,0.8026,1,0.0833917,0.472879,0.472879,1,-999
16,gen=9_member=423_pso,0.925327,0.140953,1,0.0613427,0.478061,0.478061,1,-999
16,gen=13_member=631_pso,0.675175,0.589414,1,0.0743751,0.482385,0.482385,1,-999
16,gen=15_member=701_pso,0.200277,0.913316,2,1.94909,0.476662,0.476662,1,-999
16,gen=13_member=627_pso,0.915842,0.17237,1,0.0525159,0.4714,0.4714,1,-999
16,gen=7_member=327_pso,0.652553,0.611848,1,0.0723728,0.479276,0.479276,1,-999
16,gen=10_member=498_pso,0.532365,0.720713,1,0.0579505,0.478462,0.478462,1,-999
16,gen=5_member=241_pso,0.861803,0.317682,1,0.0699243,0.474743,0.474743,1,-999
16,gen=10_member=461_pso,0.93575,0.111732,1,0.069052,0.479075,0.479075,1,-999
16,gen=0_member=6,0.603026,0.664925,1,0.0678202,0.482772,0.482772,1,-999
16,gen=8_member=358_pso,0.846289,0.33183,1,0.0672591,0.477804,0.477804,1,-999
16,gen=5_member=216_pso,0.595688,0.679683,1,0.102408,0.483054,0.483054,1,-999
16,gen=15_member=717_pso,0.623383,0.640903,1,0.0633466,0.478617,0.478617,1,-999
16,gen=12_member=566_pso,0.10946,0.949941,1,0.0623394,0.480233,0.480233,1,-999
16,gen=8_member=397_pso,0.0671205,0.952314,1,0.0581848,0.484334,0.484334,1,-999
16,gen=12_member=568_pso,0.82985,0.389902,1,0.0612231,0.482523,0.482523,1,-999
16,gen=10_member=493_pso,0.321182,0.854687,1,0.0607203,0.476738,0.476738,1,-999
16,gen=11_member=527_pso,0.353321,0.835358,1,0.0596791,0.477996,0.477996,1,-999
16,gen=5_member=223_pso,0.586617,0.711692,2,1e+30,0.480823,0.480823,1,-999
16,gen=4_member=176_pso,0.68742,0.573799,1,0.0595539,0.477839,0.477839,1,-999
16,gen=11_member=502_pso,0.78185,0.444158,1,0.0595499,0.478243,0.478243,1,-999
16,gen=15_member=744_pso,0.129177,0.931237,1,0.0567052,0.481773,0.481773,1,-999
16,gen=4_member=185_pso,0.463856,0.781972,1,0.0547441,0.471295,0.471295,1,-999
16,gen=15_member=722_pso,0.761361,0.475496,1,0.0532776,0.478071,0.478071,1,-999
16,gen=15_member=732_pso,0.771311,0.470084,1,0.0528801,0.476354,0.476354,1,-999
16,gen=6_member=271_pso,0.79803,0.438425,1,0.0527533,0.480219,0.480219,1,-999
16,gen=14_member=679_pso,0.344361,0.840672,1,0.0524712,0.480381,0.480381,1,-999
16,gen=15_member=746_pso,0.817419,0.414388,1,0.0515524,0.482554,0.482554,1,-999
16,gen=14_member=691_pso,0.704024,0.559873,1,0.0497104,0.475734,0.475734,1,-999
16,gen=9_member=447_pso,0.061496,0.962403,2,1e+30,0.48547,0.48547,1,-999
16,gen=13_member=649_pso,0.967749,0.0240469,1,0.0490095,0.482786,0.482786,1,-999
16,gen=9_member=413_pso,0.945929,0.0829371,1,0.0481607,0.480688,0.480688,1,-999
16,gen=12_member=598_pso,0.565046,0.714157,2,1.50433,0.477636,0.477636,1,-999
16,gen=9_member=446_pso,0.0303578,0.964303,1,0.049691,0.480678,0.480678,1,-999
16,gen=14_member=696_pso,0.960039,0.0559863,1,0.045426,0.485773,0.485773,1,-999
16,gen=5_member=245_pso,0.803914,0.414513,1,0.0443007,0.484094,0.484094,1,-999
16,gen=8_member=363_pso,0.957673,0.0584659,1,0.0419022,0.485185,0.485185,1,-999
16,gen=5_member=228_pso,0.640527,0.62572,1,0.0413097,0.478131,0.478131,1,-999
16,gen=7_member=344_pso,0.834595,0.356398,1,0.0406218,0.481654,0.481654,1,-999
16,gen=6_member=288_pso,0.71953,0.557143,1,0.0401496,0.475897,0.475897,1,-999
16,gen=8_member=354_pso,0.942913,0.0908938,1,0.039784,0.481374,0.481374,1,-999
16,gen=9_member=403_pso,0.11764,0.941643,1,0.0391851,0.479075,0.479075,1,-999
16,gen=11_member=520_pso,0.288712,0.872809,1,0.0389901,0.47681,0.47681,1,-999
16,gen=15_member=706_pso,0.0289941,0.97534,1,0.0308593,0.479759,0.479759,1,-999
16,gen=1_member=11_pso,0.829876,0.366879,1,0.0354492,0.481159,0.481159,1,-999
16,gen=11_member=538_pso,0.304483,0.860363,1,0.0344375,0.474702,0.474702,1,-999
16,gen=10_member=462_pso,0.00725043,0.976815,1,0.0161956,0.474905,0.474905,1,-999
16,gen=10_member=477_pso,0.6375,0.637279,1,0.0329673,0.478435,0.478435,1,-999
16,gen=10_member=472_pso,0.300713,0.867995,1,0.0287733,0.476125,0.476125,1,-999
16,gen=4_member=200_pso,0.976009,0.00559077,1,0.0276857,0.478126,0.478126,1,-999
16,gen=6_member=260_pso,0.970744,0.0186872,1,0.027266,0.481374,0.481374,1,-999
16,gen=10_member=500_pso,0.570467,0.712905,2,0.0509103,0.478617,0.478617,1,-999
16,gen=8_member=353_pso,0.832099,0.357448,1,0.0155139,0.481141,0.481141,1,-999
16,gen=10_member=479_pso,0.981379,0.0021874,1,0.0105944,0.476943,0.476943,1,-999
16,gen=16_member=798_pso,0.54776,0.710084,1,0.106394,3.47715,3.47715,1,-999
16,gen=16_member=794_pso,0.924249,0.160309,1,0.0417556,0.474566,0.474566,1,-999
16,gen=16_member=797_pso,0.182533,0.912027,1,0.074183,1.47322,1.47322,1,-999
16,gen=16_member=785_pso,0.0573126,0.954924,1,0.0496798,1.48502,1.48502,1,-999
16,gen=16_member=795_pso,0.0114843,0.975699,1,0.0236458,0.475895,0.475895,1,-999
17,gen=8_member=367_pso,0.000663145,0.980767,1,1e+30,0.470955,0.470955,1,-999
17,gen=14_member=672_pso,0.982845,0.00203416,1,1e+30,0.478715,0.478715,1,-999
17,gen=14_member=688_pso,0.884436,0.246262,1,0.136379,0.473268,0.473268,1,-999
17,gen=14_member=700_pso,0.206335,0.901921,1,0.0658657,0.47683,0.47683,1,-999
17,gen=13_member=603_pso,0.270959,0.876507,1,0.0823101,0.480381,0.480381,1,-999
17,gen=15_member=737_pso,0.515161,0.734318,1,0.0473649,0.476801,0.476801,1,-999
17,gen=15_member=747_pso,0.906533,0.194055,1,0.107474,0.474071,0.474071,1,-999
17,gen=16_member=798_pso,0.54776,0.710084,1,0.106394,0.475626,0.475626,1,-999
17,gen=13_member=635_pso,0.761133,0.512086,1,0.104439,0.478529,0.478529,1,-999
17,gen=5_member=216_pso,0.595688,0.679683,1,0.102408,0.476801,0.476801,1,-999
17,gen=11_member=512_pso,0.471062,0.767452,1,0.037536,0.481443,0.481443,1,-999
17,gen=13_member=621_pso,0.874514,0.291519,2,-999,0.475604,0.475604,1,-999
17,gen=10_member=480_pso,0.405342,0.805281,1,0.0458926,0.481735,0.481735,1,-999
17,gen=2_member=81_pso,0.720567,0.537063,1,0.0883943,0.475944,0.475944,1,-999
17,gen=14_member=661_pso,0.387767,0.825516,1,0.0836948,0.479003,0.479003,1,-999
17,gen=14_member=654_pso,0.452566,0.8026,1,0.0760667,0.477867,0.477867,1,-999
17,gen=13_member=631_pso,0.675175,0.589414,1,0.0743751,0.482385,0.482385,1,-999
17,gen=16_member=797_pso,0.182533,0.912027,1,0.074183,0.47726,0.47726,1,-999
17,gen=15_member=748_pso,0.152955,0.921334,1,0.0739516,0.478182,0.478182,1,-999
17,gen=7_member=327_pso,0.652553,0.611848,1,0.0723728,0.479276,0.479276,1,-999
17,gen=5_member=241_pso,0.861803,0.317682,1,0.0657263,0.481007,0.481007,1,-999
17,gen=10_member=461_pso,0.93575,0.111732,1,0.069052,0.479075,0.479075,1,-999
17,gen=0_member=6,0.603026,0.664925,1,0.0678202,0.475186,0.475186,1,-999
17,gen=8_member=358_pso,0.846289,0.33183,1,0.0672591,0.479051,0.479051,1,-999
17,gen=15_member=717_pso,0.623383,0.640903,1,0.0633466,0.475626,0.475626,1,-999
17,gen=12_member=566_pso,0.10946,0.949941,1,0.0623394,0.480233,0.480233,1,-999
17,gen=9_member=423_pso,0.925327,0.140953,1,0.0613427,0.478061,0.478061,1,-999
17,gen=12_member=568_pso,0.82985,0.389902,1,0.0612231,0.485354,0.485354,1,-999
17,gen=10_member=493_pso,0.321182,0.854687,1,0.0520705,0.482464,0.482464,1,-999
17,gen=11_member=527_pso,0.353321,0.835358,1,0.0596791,0.484079,0.484079,1,-999
17,gen=4_member=176_pso,0.68742,0.573799,1,0.0595539,0.477839,0.477839,1,-999
17,gen=11_member=502_pso,0.78185,0.444158,1,0.0595499,0.482523,0.482523,1,-999
17,gen=8_member=397_pso,0.0671205,0.952314,1,0.0581848,0.484334,0.484334,1,-999
17,gen=10_member=498_pso,0.532365,0.720713,1,0.0579505,0.478034,0.478034,1,-999
17,gen=15_member=744_pso,0.129177,0.931237,1,0.046376,0.480183,0.480183,1,-999
17,gen=4_member=185_pso,0.463856,0.781972,1,0.0547441,0.479003,0.479003,1,-999
17,gen=15_member=722_pso,0.761361,0.475496,1,0.0532776,0.480094,0.480094,1,-999
17,gen=15_member=732_pso,0.771311,0.470084,1,0.0528801,0.479839,0.479839,1,-999
17,gen=6_member=271_pso,0.79803,0.438425,1,0.0323078,0.481159,0.481159,1,-999
17,gen=13_member=627_pso,0.915842,0.17237,1,0.0525159,0.4714,0.4714,1,-999
17,gen=14_member=679_pso,0.344361,0.840672,1,0.0232019,0.482974,0.482974,1,-999
17,gen=15_member=746_pso,0.817419,0.414388,1,0.0515524,0.485324,0.485324,1,-999
17,gen=14_member=691_pso,0.704024,0.559873,1,0.0497104,0.475734,0.475734,1,-999
17,gen=9_member=446_pso,0.0303578,0.964303,1,0.049691,0.478429,0.478429,1,-999
17,gen=16_member=785_pso,0.0573126,0.954924,1,0.0496798,0.484904,0.484904,1,-999
17,gen=13_member=649_pso,0.967749,0.0240469,1,0.0125829,0.484777,0.484777,1,-999
17,gen=9_member=413_pso,0.945929,0.0829371,1,0.0481607,0.483354,0.483354,1,-999
17,gen=14_member=696_pso,0.960039,0.0559863,1,0.0413685,0.485938,0.485938,1,-999
17,gen=5_member=245_pso,0.803914,0.414513,1,0.0343232,0.484395,0.484395,1,-999
17,gen=8_member=363_pso,0.957673,0.0584659,1,0.0419022,0.486003,0.486003,1,-999
17,gen=16_member=794_pso,0.924249,0.160309,1,0.0417556,0.474566,0.474566,1,-999
17,gen=5_member=228_pso,0.640527,0.62572,1,0.0413097,0.478131,0.478131,1,-999
17,gen=7_member=344_pso,0.834595,0.356398,1,0.0406218,0.481856,0.481856,1,-999
17,gen=6_member=288_pso,0.71953,0.557143,1,0.0401496,0.475897,0.475897,1,-999
17,gen=8_member=354_pso,0.942913,0.0908938,1,0.039784,0.482653,0.482653,1,-999
17,gen=9_member=403_pso,0.11764,0.941643,1,0.027137,0.478429,0.478429,1,-999
17,gen=11_member=520_pso,0.288712,0.872809,1,0.0389901,0.482002,0.482002,1,-999
17,gen=1_member=11_pso,0.829876,0.366879,1,0.0354492,0.482868,0.482868,1,-999
17,gen=11_member=538_pso,0.304483,0.860363,1,0.0344375,0.480185,0.480185,1,-999
17,gen=10_member=477_pso,0.6375,0.637279,1,0.0329673,0.475723,0.475723,1,-999
17,gen=15_member=706_pso,0.0289941,0.97534,1,0.0308593,0.477365,0.477365,1,-999
17,gen=10_member=472_pso,0.300713,0.867995,1,0.0287733,0.481655,0.481655,1,-999
17,gen=4_member=200_pso,0.976009,0.00559077,1,0.0276857,0.480079,0.480079,1,-999
17,gen=6_member=260_pso,0.970744,0.0186872,1,0.027266,0.483354,0.483354,1,-999
17,gen=16_member=795_pso,0.0114843,0.975699,1,0.0236458,0.4736,0.4736,1,-999
17,gen=10_member=462_pso,0.00725043,0.976815,1,0.0161956,0.472622,0.472622,1,-999
17,gen=8_member=353_pso,0.832099,0.357448,1,0.0155139,0.48138,0.48138,1,-999
17,gen=10_member=479_pso,0.981379,0.0021874,1,0.0105944,0.478884,0.478884,1,-999
17,gen=17_member=811_pso,0.867546,0.288683,1,0.0960154,1.47566,1.47566,1,-999
17,gen=17_member=830_pso,0.229102,0.893968,1,0.0917633,0.476166,0.476166,1,-999
17,gen=17_member=815_pso,0.514834,0.749602,1,0.0633897,0.474633,0.474633,1,-999
17,gen=17_member=840_pso,0.48016,0.761481,1,0.0628036,0.479635,0.479635,1,-999
17,gen=17_member=806_pso,0.411013,0.803763,1,0.0508202,0.480589,0.480589,1,-999
17,gen=17_member=823_pso,0.801145,0.431764,1,0.030423,0.482868,0.482868,1,-999
17,gen=17_member=807_pso,0.966142,0.0264166,1,0.0404841,0.485431,0.485431,1,-999
17,gen=17_member=836_pso,0.127565,0.941423,1,0.0223772,0.4789,0.4789,1,-999
17,gen=17_member=821_pso,0.343813,0.848592,1,0.0379192,0.481871,0.481871,1,-999
18,gen=8_member=367_pso,0.000663145,0.980767,1,1e+30,0.468854,0.468854,1,-999
18,gen=14_member=672_pso,0.982845,0.00203416,1,1e+30,0.476776,0.476776,1,-999
18,gen=14_member=688_pso,0.884436,0.246262,1,0.0938733,0.4715,0.4715,1,-999
18,gen=15_member=747_pso,0.906533,0.194055,1,0.107474,0.472167,0.472167,1,-999
18,gen=16_member=798_pso,0.54776,0.710084,1,0.106394,0.473824,0.473824,1,-999
18,gen=13_member=635_pso,0.761133,0.512086,2,1e+30,0.480219,0.480219,1,-999
18,gen=5_member=216_pso,0.595688,0.679683,1,0.102408,0.474633,0.474633,1,-999
18,gen=17_member=811_pso,0.867546,0.288683,1,0.0779819,0.475659,0.475659,1,-999
18,gen=17_member=830_pso,0.229102,0.893968,1,0.0917633,0.474687,0.474687,1,-999
18,gen=2_member=81_pso,0.720567,0.537063,1,0.0847587,0.479839,0.479839,1,-999
18,gen=14_member=661_pso,0.387767,0.825516,1,0.0468734,0.479003,0.479003,1,-999
18,gen=13_member=603_pso,0.270959,0.876507,1,0.0823101,0.477996,0.477996,1,-999
18,gen=14_member=654_pso,0.452566,0.8026,1,0.0760667,0.477867,0.477867,1,-999
18,gen=13_member=631_pso,0.675175,0.589414,1,0.0743751,0.475186,0.475186,1,-999
18,gen=16_member=797_pso,0.182533,0.912027,1,0.074183,0.473218,0.473218,1,-999
18,gen=15_member=748_pso,0.152955,0.921334,1,0.0739516,0.47588,0.47588,1,-999
18,gen=7_member=327_pso,0.652553,0.611848,1,0.0723728,0.478809,0.478809,1,-999
18,gen=10_member=461_pso,0.93575,0.111732,1,0.069052,0.478339,0.478339,1,-999
18,gen=0_member=6,0.603026,0.664925,1,0.0678202,0.473493,0.473493,1,-999
18,gen=8_member=358_pso,0.846289,0.33183,1,0.0672591,0.481176,0.481176,1,-999
18,gen=14_member=700_pso,0.206335,0.901921,1,0.0658657,0.476125,0.476125,1,-999
18,gen=5_member=241_pso,0.861803,0.317682,1,0.0657263,0.481007,0.481007,1,-999
18,gen=17_member=815_pso,0.514834,0.749602,1,0.0633897,0.472344,0.472344,1,-999
18,gen=15_member=717_pso,0.623383,0.640903,1,0.0633466,0.472966,0.472966,1,-999
18,gen=17_member=840_pso,0.48016,0.761481,1,0.0628036,0.479226,0.479226,1,-999
18,gen=12_member=566_pso,0.10946,0.949941,1,0.0623394,0.479759,0.479759,1,-999
18,gen=9_member=423_pso,0.925327,0.140953,1,0.0613427,0.473268,0.473268,1,-999
18,gen=12_member=568_pso,0.82985,0.389902,2,1e+30,0.485902,0.485902,1,-999
18,gen=11_member=527_pso,0.353321,0.835358,1,0.0513734,0.484079,0.484079,1,-999
18,gen=4_member=176_pso,0.68742,0.573799,1,0.0595539,0.477708,0.477708,1,-999
18,gen=11_member=502_pso,0.78185,0.444158,1,0.0595499,0.483487,0.483487,1,-999
18,gen=8_member=397_pso,0.0671205,0.952314,1,0.0581848,0.484135,0.484135,1,-999
18,gen=10_member=498_pso,0.532365,0.720713,1,0.0579505,0.472961,0.472961,1,-999
18,gen=4_member=185_pso,0.463856,0.781972,1,0.0547441,0.478034,0.478034,1,-999
18,gen=15_member=722_pso,0.761361,0.475496,1,0.0445132,0.482076,0.482076,1,-999
18,gen=15_member=732_pso,0.771311,0.470084,1,0.0496196,0.482554,0.482554,1,-999
18,gen=13_member=627_pso,0.915842,0.17237,1,0.0525159,0.4714,0.4714,1,-999
18,gen=10_member=493_pso,0.321182,0.854687,1,0.0520705,0.482464,0.482464,1,-999
18,gen=15_member=746_pso,0.817419,0.414388,2,2,0.485719,0.485719,1,-999
18,gen=17_member=806_pso,0.411013,0.803763,1,0.0508202,0.480589,0.480589,1,-999
18,gen=14_member=691_pso,0.704024,0.559873,1,0.0497104,0.475734,0.475734,1,-999
18,gen=9_member=446_pso,0.0303578,0.964303,1,0.049691,0.476221,0.476221,1,-999
18,gen=16_member=785_pso,0.0573126,0.954924,1,0.0496798,0.482733,0.482733,1,-999
18,gen=9_member=413_pso,0.945929,0.0829371,1,0.0481607,0.480688,0.480688,1,-999
18,gen=15_member=737_pso,0.515161,0.734318,1,0.0473649,0.473493,0.473493,1,-999
18,gen=15_member=744_pso,0.129177,0.931237,1,0.046376,0.475239,0.475239,1,-999
18,gen=10_member=480_pso,0.405342,0.805281,1,0.0458926,0.481735,0.481735,1,-999
18,gen=8_member=363_pso,0.957673,0.0584659,1,0.0419022,0.485185,0.485185,1,-999
18,gen=16_member=794_pso,0.924249,0.160309,1,0.0417556,0.473868,0.473868,1,-999
18,gen=14_member=696_pso,0.960039,0.0559863,1,0.0413685,0.485773,0.485773,1,-999
18,gen=5_member=228_pso,0.640527,0.62572,1,0.0413097,0.475146,0.475146,1,-999
18,gen=7_member=344_pso,0.834595,0.356398,1,0.0406218,0.484094,0.484094,1,-999
18,gen=17_member=807_pso,0.966142,0.0264166,1,0.0404841,0.483434,0.483434,1,-999
18,gen=6_member=288_pso,0.71953,0.557143,1,0.0401496,0.477726,0.477726,1,-999
18,gen=8_member=354_pso,0.942913,0.0908938,1,0.039784,0.481374,0.481374,1,-999
18,gen=11_member=520_pso,0.288712,0.872809,1,0.0389901,0.479072,0.479072,1,-999
18,gen=17_member=821_pso,0.343813,0.848592,1,0.0379192,0.481871,0.481871,1,-999
18,gen=11_member=512_pso,0.471062,0.767452,1,0.037536,0.47715,0.47715,1,-999
18,gen=1_member=11_pso,0.829876,0.366879,1,0.0239772,0.485755,0.485755,1,-999
18,gen=11_member=538_pso,0.304483,0.860363,1,0.0344375,0.47956,0.47956,1,-999
18,gen=5_member=245_pso,0.803914,0.414513,1,0.042148,0.484579,0.484579,1,-999
18,gen=10_member=477_pso,0.6375,0.637279,1,0.0329673,0.472886,0.472886,1,-999
18,gen=6_member=271_pso,0.79803,0.438425,1,0.0323078,0.485902,0.485902,1,-999
18,gen=15_member=706_pso,0.0289941,0.97534,1,0.0308593,0.47523,0.47523,1,-999
18,gen=17_member=823_pso,0.801145,0.431764,1,0.030423,0.485644,0.485644,1,-999
18,gen=10_member=472_pso,0.300713,0.867995,1,0.0287733,0.478088,0.478088,1,-999
18,gen=4_member=200_pso,0.976009,0.00559077,1,0.0276857,0.478126,0.478126,1,-999
18,gen=6_member=260_pso,0.970744,0.0186872,1,0.027266,0.481374,0.481374,1,-999
18,gen=9_member=403_pso,0.11764,0.941643,1,0.027137,0.477365,0.477365,1,-999
18,gen=16_member=795_pso,0.0114843,0.975699,1,0.0236458,0.471468,0.471468,1,-999
18,gen=14_member=679_pso,0.344361,0.840672,1,0.0232019,0.482974,0.482974,1,-999
18,gen=17_member=836_pso,0.127565,0.941423,1,0.0223772,0.476221,0.476221,1,-999
18,gen=10_member=462_pso,0.00725043,0.976815,1,0.0161956,0.470497,0.470497,1,-999
18,gen=8_member=353_pso,0.832099,0.357448,1,0.0155139,0.484579,0.484579,1,-999
18,gen=13_member=649_pso,0.967749,0.0240469,1,0.0125829,0.482786,0.482786,1,-999
18,gen=10_member=479_pso,0.981379,0.0021874,1,0.0105944,0.476943,0.476943,1,-999
18,gen=18_member=880_pso,0.75008,0.50463,1,0.104439,1.48037,1.48037,1,-999
18,gen=18_member=854_pso,0.76454,0.475473,1,0.0156605,0.481771,0.481771,1,-999
18,gen=18_member=878_pso,0.88355,0.263029,1,0.0605396,0.473824,0.473824,1,-999
18,gen=18_member=863_pso,0.810912,0.400245,1,0.0630245,1.48784,1.48784,1,-999
18,gen=18_member=889_pso,0.82824,0.377069,1,0.0533983,1.48519,1.48519,1,-999
18,gen=18_member=856_pso,0.384153,0.830043,1,0.0451271,0.47956,0.47956,1,-999
19,gen=8_member=367_pso,0.000663145,0.980767,1,1e+30,0.468854,0.468854,1,-999
19,gen=14_member=672_pso,0.982845,0.00203416,1,1e+30,0.476776,0.476776,1,-999
19,gen=15_member=747_pso,0.906533,0.194055,1,0.107474,0.474071,0.474071,1,-999
19,gen=16_member=798_pso,0.54776,0.710084,1,0.0956101,0.475626,0.475626,1,-999
19,gen=18_member=880_pso,0.75008,0.50463,1,0.0584016,0.482643,0.482643,1,-999
19,gen=5_member=216_pso,0.595688,0.679683,2,1e+30,0.476801,0.476801,1,-999
19,gen=14_member=688_pso,0.884436,0.246262,1,0.0938733,0.4727,0.4727,1,-999
19,gen=17_member=830_pso,0.229102,0.893968,1,0.0917633,0.474687,0.474687,1,-999
19,gen=2_member=81_pso,0.720567,0.537063,1,0.0376466,0.481771,0.481771,1,-999
19,gen=13_member=603_pso,0.270959,0.876507,1,0.0823101,0.477996,0.477996,1,-999
19,gen=17_member=811_pso,0.867546,0.288683,1,0.0779819,0.475659,0.475659,1,-999
19,gen=14_member=654_pso,0.452566,0.8026,2,1e+30,0.480361,0.480361,1,-999
19,gen=13_member=631_pso,0.675175,0.589414,1,0.0743751,0.480575,0.480575,1,-999
19,gen=16_member=797_pso,0.182533,0.912027,1,0.074183,0.473218,0.473218,1,-999
19,gen=15_member=748_pso,0.152955,0.921334,1,0.0739516,0.47588,0.47588,1,-999
19,gen=7_member=327_pso,0.652553,0.611848,1,0.0723728,0.478809,0.478809,1,-999
19,gen=10_member=461_pso,0.93575,0.111732,1,0.0657447,0.479075,0.479075,1,-999
19,gen=0_member=6,0.603026,0.664925,1,0.0786038,0.475186,0.475186,1,-999
19,gen=8_member=358_pso,0.846289,0.33183,1,0.0672591,0.477804,0.477804,1,-999
19,gen=14_member=700_pso,0.206335,0.901921,1,0.0658657,0.476125,0.476125,1,-999
19,gen=5_member=241_pso,0.861803,0.317682,1,0.0657263,0.476875,0.476875,1,-999
19,gen=17_member=815_pso,0.514834,0.749602,1,0.0633897,0.476387,0.476387,1,-999
19,gen=15_member=717_pso,0.623383,0.640903,1,0.0633466,0.475626,0.475626,1,-999
19,gen=18_member=863_pso,0.810912,0.400245,1,0.0630245,0.481459,0.481459,1,-999
19,gen=17_member=840_pso,0.48016,0.761481,1,0.0628036,0.479635,0.479635,1,-999
19,gen=12_member=566_pso,0.10946,0.949941,1,0.0623394,0.479759,0.479759,1,-999
19,gen=9_member=423_pso,0.925327,0.140953,1,0.0241816,0.478061,0.478061,1,-999
19,gen=18_member=878_pso,0.88355,0.263029,1,0.0605396,0.473824,0.473824,1,-999
19,gen=4_member=176_pso,0.68742,0.573799,1,0.0595539,0.480388,0.480388,1,-999
19,gen=11_member=502_pso,0.78185,0.444158,1,0.0595499,0.480977,0.480977,1,-999
19,gen=8_member=397_pso,0.0671205,0.952314,1,0.0581848,0.484135,0.484135,1,-999
19,gen=10_member=498_pso,0.532365,0.720713,1,0.0579505,0.478034,0.478034,1,-999
19,gen=4_member=185_pso,0.463856,0.781972,1,0.0408376,0.479003,0.479003,1,-999
19,gen=18_member=889_pso,0.82824,0.377069,1,0.0533983,0.483468,0.483468,1,-999
19,gen=13_member=627_pso,0.915842,0.17237,1,0.0525159,0.477045,0.477045,1,-999
19,gen=10_member=493_pso,0.321182,0.854687,1,0.0520705,0.482464,0.482464,1,-999
19,gen=11_member=527_pso,0.353321,0.835358,1,0.0513734,0.484079,0.484079,1,-999
19,gen=17_member=806_pso,0.411013,0.803763,1,0.0647267,0.481652,0.481652,1,-999
19,gen=14_member=691_pso,0.704024,0.559873,1,0.0497104,0.478131,0.478131,1,-999
19,gen=9_member=446_pso,0.0303578,0.964303,1,0.049691,0.476221,0.476221,1,-999
19,gen=16_member=785_pso,0.0573126,0.954924,1,0.0496798,0.482733,0.482733,1,-999
19,gen=15_member=732_pso,0.771311,0.470084,1,0.0496196,0.482529,0.482529,1,-999
19,gen=9_member=413_pso,0.945929,0.0829371,1,0.0481607,0.483354,0.483354,1,-999
19,gen=15_member=737_pso,0.515161,0.734318,1,0.0473649,0.477867,0.477867,1,-999
19,gen=14_member=661_pso,0.387767,0.825516,1,0.0468734,0.482464,0.482464,1,-999
19,gen=15_member=744_pso,0.129177,0.931237,1,0.046376,0.475239,0.475239,1,-999
19,gen=10_member=480_pso,0.405342,0.805281,1,0.0458926,0.481871,0.481871,1,-999
19,gen=18_member=856_pso,0.384153,0.830043,1,0.0451271,0.481236,0.481236,1,-999
19,gen=15_member=722_pso,0.761361,0.475496,1,0.0445132,0.482194,0.482194,1,-999
19,gen=5_member=245_pso,0.803914,0.414513,1,0.042148,0.484094,0.484094,1,-999
19,gen=8_member=363_pso,0.957673,0.0584659,1,0.0419022,0.485185,0.485185,1,-999
19,gen=16_member=794_pso,0.924249,0.160309,1,0.0417556,0.474566,0.474566,1,-999
19,gen=14_member=696_pso,0.960039,0.0559863,1,0.0413685,0.485773,0.485773,1,-999
19,gen=5_member=228_pso,0.640527,0.62572,1,0.0413097,0.478131,0.478131,1,-999
19,gen=7_member=344_pso,0.834595,0.356398,1,0.0406218,0.480202,0.480202,1,-999
19,gen=17_member=807_pso,0.966142,0.0264166,1,0.0404841,0.483434,0.483434,1,-999
19,gen=6_member=288_pso,0.71953,0.557143,1,0.0401496,0.478071,0.478071,1,-999
19,gen=8_member=354_pso,0.942913,0.0908938,1,0.039784,0.482653,0.482653,1,-999
19,gen=11_member=520_pso,0.288712,0.872809,1,0.0389901,0.479072,0.479072,1,-999
19,gen=17_member=821_pso,0.343813,0.848592,1,0.0379192,0.481871,0.481871,1,-999
19,gen=11_member=512_pso,0.471062,0.767452,1,0.037536,0.481443,0.481443,1,-999
19,gen=11_member=538_pso,0.304483,0.860363,1,0.0344375,0.47956,0.47956,1,-999
19,gen=10_member=477_pso,0.6375,0.637279,1,0.0329673,0.475723,0.475723,1,-999
19,gen=6_member=271_pso,0.79803,0.438425,1,0.0323078,0.481159,0.481159,1,-999
19,gen=15_member=706_pso,0.0289941,0.97534,1,0.0308593,0.47523,0.47523,1,-999
19,gen=17_member=823_pso,0.801145,0.431764,1,0.030423,0.482868,0.482868,1,-999
19,gen=10_member=472_pso,0.300713,0.867995,1,0.0287733,0.478088,0.478088,1,-999
19,gen=4_member=200_pso,0.976009,0.00559077,1,0.0276857,0.478126,0.478126,1,-999
19,gen=6_member=260_pso,0.970744,0.0186872,1,0.027266,0.481374,0.481374,1,-999
19,gen=9_member=403_pso,0.11764,0.941643,1,0.027137,0.477365,0.477365,1,-999
19,gen=1_member=11_pso,0.829876,0.366879,1,0.0239772,0.481159,0.481159,1,-999
19,gen=16_member=795_pso,0.0114843,0.975699,1,0.0236458,0.471468,0.471468,1,-999
19,gen=14_member=679_pso,0.344361,0.840672,1,0.0232019,0.482974,0.482974,1,-999
19,gen=17_member=836_pso,0.127565,0.941423,1,0.0223772,0.476221,0.476221,1,-999
19,gen=10_member=462_pso,0.00725043,0.976815,1,0.0161956,0.470497,0.470497,1,-999
19,gen=18_member=854_pso,0.76454,0.475473,1,0.0156605,0.482493,0.482493,1,-999
19,gen=8_member=353_pso,0.832099,0.357448,1,0.0155139,0.480653,0.480653,1,-999
19,gen=13_member=649_pso,0.967749,0.0240469,1,0.0125829,0.482786,0.482786,1,-999
19,gen=10_member=479_pso,0.981379,0.0021874,1,0.0105944,0.476943,0.476943,1,-999
19,gen=19_member=922_pso,0.583683,0.678275,1,0.102408,1.47717,1.47717,1,-999
19,gen=19_member=939_pso,0.445674,0.782122,1,0.0760667,1.48124,1.48124,1,-999
19,gen=19_member=907_pso,0.92617,0.138557,1,0.0404685,0.478641,0.478641,1,-999
19,gen=19_member=928_pso,0.739767,0.511137,1,0.0471121,0.480977,0.480977,1,-999
19,gen=19_member=909_pso,0.725024,0.525772,1,0.0460371,0.482529,0.482529,1,-999
20,gen=14_member=672_pso,0.982845,0.00203416,1,1e+30,0.476776,0.476776,1,-999
20,gen=8_member=367_pso,0.000663145,0.980767,1,1e+30,0.468854,0.468854,1,-999
20,gen=15_member=747_pso,0.906533,0.194055,1,0.107474,0.474071,0.474071,1,-999
20,gen=19_member=922_pso,0.583683,0.678275,1,0.0610841,0.477171,0.477171,1,-999
20,gen=16_member=798_pso,0.54776,0.710084,1,0.067859,0.47715,0.47715,1,-999
20,gen=14_member=688_pso,0.884436,0.246262,1,0.0938733,0.473268,0.473268,1,-999
20,gen=17_member=830_pso,0.229102,0.893968,1,0.0917633,0.476166,0.476166,1,-999
20,gen=13_member=603_pso,0.270959,0.876507,1,0.0823101,0.480381,0.480381,1,-999
20,gen=0_member=6,0.603026,0.664925,1,0.0786038,0.475186,0.475186,1,-999
20,gen=17_member=811_pso,0.867546,0.288683,1,0.0779819,0.476933,0.476933,1,-999
20,gen=19_member=939_pso,0.445674,0.782122,1,0.0760667,0.481236,0.481236,1,-999
20,gen=13_member=631_pso,0.675175,0.589414,1,0.0743751,0.482385,0.482385,1,-999
20,gen=16_member=797_pso,0.182533,0.912027,1,0.074183,0.473218,0.473218,1,-999
20,gen=15_member=748_pso,0.152955,0.921334,1,0.0739516,0.47588,0.47588,1,-999
20,gen=7_member=327_pso,0.652553,0.611848,1,0.0723728,0.479276,0.479276,1,-999
20,gen=8_member=358_pso,0.846289,0.33183,1,0.0596573,0.481176,0.481176,1,-999
20,gen=14_member=700_pso,0.206335,0.901921,1,0.0658657,0.47683,0.47683,1,-999
20,gen=10_member=461_pso,0.93575,0.111732,1,0.0657447,0.479075,0.479075,1,-999
20,gen=5_member=241_pso,0.861803,0.317682,1,0.0430776,0.481946,0.481946,1,-999
20,gen=17_member=806_pso,0.411013,0.803763,1,0.0647267,0.480589,0.480589,1,-999
20,gen=17_member=815_pso,0.514834,0.749602,1,0.0319947,0.480796,0.480796,1,-999
20,gen=15_member=717_pso,0.623383,0.640903,1,0.0633466,0.475626,0.475626,1,-999
20,gen=18_member=863_pso,0.810912,0.400245,1,0.0630245,0.487173,0.487173,1,-999
20,gen=17_member=840_pso,0.48016,0.761481,1,0.0467584,0.479635,0.479635,1,-999
20,gen=12_member=566_pso,0.10946,0.949941,1,0.0623394,0.479759,0.479759,1,-999
20,gen=18_member=878_pso,0.88355,0.263029,1,0.0605396,0.47449,0.47449,1,-999
20,gen=4_member=176_pso,0.68742,0.573799,1,0.0498358,0.480594,0.480594,1,-999
20,gen=11_member=502_pso,0.78185,0.444158,1,0.0595499,1.48717,1.48717,1,-999
20,gen=18_member=880_pso,0.75008,0.50463,1,0.0584016,0.483487,0.483487,1,-999
20,gen=8_member=397_pso,0.0671205,0.952314,1,0.0581848,0.484135,0.484135,1,-999
20,gen=10_member=498_pso,0.532365,0.720713,1,0.0579505,0.478462,0.478462,1,-999
20,gen=18_member=889_pso,0.82824,0.377069,1,0.0533983,0.484369,0.484369,1,-999
20,gen=13_member=627_pso,0.915842,0.17237,1,0.0525159,0.477045,0.477045,1,-999
20,gen=10_member=493_pso,0.321182,0.854687,1,0.0520705,0.483648,0.483648,1,-999
20,gen=11_member=527_pso,0.353321,0.835358,1,0.0513734,0.484079,0.484079,1,-999
20,gen=14_member=691_pso,0.704024,0.559873,1,0.0282951,0.482358,0.482358,1,-999
20,gen=9_member=446_pso,0.0303578,0.964303,1,0.049691,0.476221,0.476221,1,-999
20,gen=16_member=785_pso,0.0573126,0.954924,1,0.0496798,0.482733,0.482733,1,-999
20,gen=15_member=732_pso,0.771311,0.470084,1,0.0496196,0.485711,0.485711,1,-999
20,gen=9_member=413_pso,0.945929,0.0829371,1,0.0481607,0.483354,0.483354,1,-999
20,gen=15_member=737_pso,0.515161,0.734318,1,0.0473649,0.479768,0.479768,1,-999
20,gen=19_member=928_pso,0.739767,0.511137,1,0.0471121,0.483839,0.483839,1,-999
20,gen=14_member=661_pso,0.387767,0.825516,1,0.0468734,0.479003,0.479003,1,-999
20,gen=15_member=744_pso,0.129177,0.931237,1,0.046376,0.475239,0.475239,1,-999
20,gen=19_member=909_pso,0.725024,0.525772,1,0.0460371,0.484504,0.484504,1,-999
20,gen=10_member=480_pso,0.405342,0.805281,1,0.0458926,0.481735,0.481735,1,-999
20,gen=18_member=856_pso,0.384153,0.830043,1,0.0451271,0.47956,0.47956,1,-999
20,gen=15_member=722_pso,0.761361,0.475496,1,0.0445132,0.484958,0.484958,1,-999
20,gen=5_member=245_pso,0.803914,0.414513,1,0.0307256,0.484579,0.484579,1,-999
20,gen=8_member=363_pso,0.957673,0.0584659,1,0.0419022,0.485185,0.485185,1,-999
20,gen=16_member=794_pso,0.924249,0.160309,1,0.0417556,0.474566,0.474566,1,-999
20,gen=14_member=696_pso,0.960039,0.0559863,1,0.0413685,0.485773,0.485773,1,-999
20,gen=5_member=228_pso,0.640527,0.62572,1,0.0413097,0.478131,0.478131,1,-999
20,gen=4_member=185_pso,0.463856,0.781972,1,0.0408376,0.479003,0.479003,1,-999
20,gen=7_member=344_pso,0.834595,0.356398,1,0.0406218,0.482784,0.482784,1,-999
20,gen=17_member=807_pso,0.966142,0.0264166,1,0.0404841,0.483434,0.483434,1,-999
20,gen=19_member=907_pso,0.92617,0.138557,1,0.0404685,0.478641,0.478641,1,-999
20,gen=6_member=288_pso,0.71953,0.557143,1,0.0401496,0.479276,0.479276,1,-999
20,gen=8_member=354_pso,0.942913,0.0908938,1,0.039784,0.482653,0.482653,1,-999
20,gen=11_member=520_pso,0.288712,0.872809,1,0.0358825,0.482002,0.482002,1,-999
20,gen=17_member=821_pso,0.343813,0.848592,1,0.0379192,0.485393,0.485393,1,-999
20,gen=2_member=81_pso,0.720567,0.537063,1,0.0376466,0.482194,0.482194,1,-999
20,gen=11_member=512_pso,0.471062,0.767452,1,0.037536,0.481443,0.481443,1,-999
20,gen=11_member=538_pso,0.304483,0.860363,1,0.0375451,0.480185,0.480185,1,-999
20,gen=10_member=477_pso,0.6375,0.637279,1,0.0329673,0.477193,0.477193,1,-999
20,gen=6_member=271_pso,0.79803,0.438425,1,0.0437302,0.487296,0.487296,1,-999
20,gen=15_member=706_pso,0.0289941,0.97534,1,0.0308593,0.47523,0.47523,1,-999
20,gen=17_member=823_pso,0.801145,0.431764,2,1e+30,0.485644,0.485644,1,-999
20,gen=10_member=472_pso,0.300713,0.867995,2,1e+30,0.481655,0.481655,1,-999
20,gen=4_member=200_pso,0.976009,0.00559077,1,0.0276857,0.478126,0.478126,1,-999
20,gen=6_member=260_pso,0.970744,0.0186872,1,0.027266,0.481374,0.481374,1,-999
20,gen=9_member=403_pso,0.11764,0.941643,1,0.027137,0.477365,0.477365,1,-999
20,gen=9_member=423_pso,0.925327,0.140953,1,0.0241816,0.478061,0.478061,1,-999
20,gen=1_member=11_pso,0.829876,0.366879,1,0.0239772,0.485459,0.485459,1,-999
20,gen=16_member=795_pso,0.0114843,0.975699,1,0.0236458,0.471468,0.471468,1,-999
20,gen=14_member=679_pso,0.344361,0.840672,1,0.0232019,0.484435,0.484435,1,-999
20,gen=17_member=836_pso,0.127565,0.941423,1,0.0223772,0.476221,0.476221,1,-999
20,gen=10_member=462_pso,0.00725043,0.976815,1,0.0161956,0.470497,0.470497,1,-999
20,gen=18_member=854_pso,0.76454,0.475473,1,0.0156605,0.484504,0.484504,1,-999
20,gen=8_member=353_pso,0.832099,0.357448,1,0.0155139,0.483286,0.483286,1,-999
20,gen=13_member=649_pso,0.967749,0.0240469,1,0.0125829,0.482786,0.482786,1,-999
20,gen=10_member=479_pso,0.981379,0.0021874,1,0.0105944,0.476943,0.476943,1,-999
20,gen=20_member=971_pso,0.784018,0.456728,2,2,0.485742,0.485742,1,-999
20,gen=20_member=989_pso,0.798406,0.417855,1,0.030423,1.48546,1.48546,1,-999
20,gen=20_member=973_pso,0.854987,0.31833,1,0.0302505,0.481266,0.481266,1,-999
20,gen=20_member=999_pso,0.697423,0.562808,1,0.0311334,0.481123,0.481123,1,-999
20,gen=20_member=967_pso,0.571243,0.693039,1,0.069075,0.478113,0.478113,1,-999
20,gen=20_member=963_pso,0.294033,0.86438,1,0.0287733,1.48278,1.48278,1,-999
20,gen=20_member=960_pso,0.499921,0.750446,1,0.0474402,0.478113,0.478113,1,-999
